"species","Group","Treatment","quad","year","cover"
"Artemisia tripartita","E1","Control","Q1",2007,0
"Hesperostipa comata","E1","Control","Q1",2007,4.5457448751837
"Poa secunda","E1","Control","Q1",2007,0.5876296313233
"Pseudoroegneria spicata","E1","Control","Q1",2007,3.1401717944363
"Artemisia tripartita","P7E1","Control","Q19",2007,7.0527930438968
"Hesperostipa comata","P7E1","Control","Q19",2007,8.5220503904187
"Poa secunda","P7E1","Control","Q19",2007,0.0025
"Pseudoroegneria spicata","P7E1","Control","Q19",2007,3.1647675425925
"Artemisia tripartita","E1","Control","Q2",2007,37.1851355068369
"Hesperostipa comata","E1","Control","Q2",2007,0
"Poa secunda","E1","Control","Q2",2007,2.5962815998366
"Pseudoroegneria spicata","E1","Control","Q2",2007,3.4376912746788
"Artemisia tripartita","P7E1","Control","Q20",2007,8.7883807150074
"Hesperostipa comata","P7E1","Control","Q20",2007,5.4948445321269
"Poa secunda","P7E1","Control","Q20",2007,0.4771093247204
"Pseudoroegneria spicata","P7E1","Control","Q20",2007,1.1908401575536
"Artemisia tripartita","P7E1","Control","Q21",2007,0
"Hesperostipa comata","P7E1","Control","Q21",2007,1.3586316945775
"Poa secunda","P7E1","Control","Q21",2007,0.8446183866408
"Pseudoroegneria spicata","P7E1","Control","Q21",2007,0.8754681943308
"Artemisia tripartita","P7E1","Control","Q22",2007,0
"Hesperostipa comata","P7E1","Control","Q22",2007,4.786950281677
"Poa secunda","P7E1","Control","Q22",2007,3.5622268129098
"Pseudoroegneria spicata","P7E1","Control","Q22",2007,3.4716572146429
"Artemisia tripartita","P10E1","Control","Q23",2007,0.5580596185884
"Hesperostipa comata","P10E1","Control","Q23",2007,1.4370657396254
"Poa secunda","P10E1","Control","Q23",2007,1.7031780584718
"Pseudoroegneria spicata","P10E1","Control","Q23",2007,2.4428629811035
"Artemisia tripartita","P10E1","Control","Q24",2007,5.8121242466177
"Hesperostipa comata","P10E1","Control","Q24",2007,0.3783052673766
"Poa secunda","P10E1","Control","Q24",2007,0.814269096224
"Pseudoroegneria spicata","P10E1","Control","Q24",2007,1.94905126497
"Artemisia tripartita","P10E1","Control","Q25",2007,34.7554778711719
"Hesperostipa comata","P10E1","Control","Q25",2007,0
"Poa secunda","P10E1","Control","Q25",2007,0
"Pseudoroegneria spicata","P10E1","Control","Q25",2007,0.537430933637
"Artemisia tripartita","P10E1","Control","Q26",2007,21.8194790079807
"Hesperostipa comata","P10E1","Control","Q26",2007,0
"Poa secunda","P10E1","Control","Q26",2007,0.9072159172085
"Pseudoroegneria spicata","P10E1","Control","Q26",2007,3.9633685267561
"Artemisia tripartita","E1","Control","Q3",2007,47.2279311462496
"Hesperostipa comata","E1","Control","Q3",2007,0
"Poa secunda","E1","Control","Q3",2007,0.624954230052
"Pseudoroegneria spicata","E1","Control","Q3",2007,3.4783355717583
"Artemisia tripartita","E1","Control","Q4",2007,25.0355221306188
"Hesperostipa comata","E1","Control","Q4",2007,0.6392717802396
"Poa secunda","E1","Control","Q4",2007,1.9109830758299
"Pseudoroegneria spicata","E1","Control","Q4",2007,5.6459368088096
"Artemisia tripartita","E1","Control","Q5",2007,0
"Hesperostipa comata","E1","Control","Q5",2007,0.173880202795
"Poa secunda","E1","Control","Q5",2007,0.1837244436601
"Pseudoroegneria spicata","E1","Control","Q5",2007,2.5534763837194
"Artemisia tripartita","E1","Control","Q6",2007,0
"Hesperostipa comata","E1","Control","Q6",2007,0
"Poa secunda","E1","Control","Q6",2007,1.353645139656
"Pseudoroegneria spicata","E1","Control","Q6",2007,1.5798811963352
"Artemisia tripartita","E1","Control","Q1",2008,0
"Hesperostipa comata","E1","Control","Q1",2008,3.7779159991016
"Poa secunda","E1","Control","Q1",2008,0.446180805646
"Pseudoroegneria spicata","E1","Control","Q1",2008,1.335756852153
"Artemisia tripartita","P7E1","Control","Q19",2008,8.6073700519527
"Hesperostipa comata","P7E1","Control","Q19",2008,6.1004678969594
"Poa secunda","P7E1","Control","Q19",2008,0.1454658450182
"Pseudoroegneria spicata","P7E1","Control","Q19",2008,2.3009499966037
"Artemisia tripartita","E1","Control","Q2",2008,48.7590908787951
"Hesperostipa comata","E1","Control","Q2",2008,0
"Poa secunda","E1","Control","Q2",2008,3.0514080915939
"Pseudoroegneria spicata","E1","Control","Q2",2008,0.8323804909807
"Artemisia tripartita","P7E1","Control","Q20",2008,10.0577232769063
"Hesperostipa comata","P7E1","Control","Q20",2008,3.9380974524277
"Poa secunda","P7E1","Control","Q20",2008,0.5043539328479
"Pseudoroegneria spicata","P7E1","Control","Q20",2008,1.9124947165093
"Artemisia tripartita","P7E1","Control","Q21",2008,0
"Hesperostipa comata","P7E1","Control","Q21",2008,0.9496331165857
"Poa secunda","P7E1","Control","Q21",2008,1.0755172158979
"Pseudoroegneria spicata","P7E1","Control","Q21",2008,0.405051599832
"Artemisia tripartita","P7E1","Control","Q22",2008,0
"Hesperostipa comata","P7E1","Control","Q22",2008,3.7547714911968
"Poa secunda","P7E1","Control","Q22",2008,1.56055562912
"Pseudoroegneria spicata","P7E1","Control","Q22",2008,3.0318927945216
"Artemisia tripartita","P10E1","Control","Q23",2008,0.5674900800118
"Hesperostipa comata","P10E1","Control","Q23",2008,2.543534203058
"Poa secunda","P10E1","Control","Q23",2008,5.2476180913062
"Pseudoroegneria spicata","P10E1","Control","Q23",2008,2.7361376033164
"Artemisia tripartita","P10E1","Control","Q24",2008,10.2357780608958
"Hesperostipa comata","P10E1","Control","Q24",2008,0.2114660248797
"Poa secunda","P10E1","Control","Q24",2008,0.7509543632618
"Pseudoroegneria spicata","P10E1","Control","Q24",2008,1.7435860263544
"Artemisia tripartita","P10E1","Control","Q25",2008,45.0107168873127
"Hesperostipa comata","P10E1","Control","Q25",2008,0
"Poa secunda","P10E1","Control","Q25",2008,0
"Pseudoroegneria spicata","P10E1","Control","Q25",2008,0.2370365789078
"Artemisia tripartita","P10E1","Control","Q26",2008,30.1919755490466
"Hesperostipa comata","P10E1","Control","Q26",2008,0
"Poa secunda","P10E1","Control","Q26",2008,0.7120124352411
"Pseudoroegneria spicata","P10E1","Control","Q26",2008,2.5911823540174
"Artemisia tripartita","E1","Control","Q3",2008,48.0363214219897
"Hesperostipa comata","E1","Control","Q3",2008,0
"Poa secunda","E1","Control","Q3",2008,1.0199663829246
"Pseudoroegneria spicata","E1","Control","Q3",2008,2.7358594746485
"Artemisia tripartita","E1","Control","Q4",2008,31.5425667018284
"Hesperostipa comata","E1","Control","Q4",2008,0.4353984838978
"Poa secunda","E1","Control","Q4",2008,1.5372742616847
"Pseudoroegneria spicata","E1","Control","Q4",2008,3.9647002116832
"Artemisia tripartita","E1","Control","Q5",2008,0
"Hesperostipa comata","E1","Control","Q5",2008,0
"Poa secunda","E1","Control","Q5",2008,0.0204078453603
"Pseudoroegneria spicata","E1","Control","Q5",2008,1.8034319857147
"Artemisia tripartita","E1","Control","Q6",2008,0
"Hesperostipa comata","E1","Control","Q6",2008,0
"Poa secunda","E1","Control","Q6",2008,1.3616929809874
"Pseudoroegneria spicata","E1","Control","Q6",2008,0.8275385533867
"Artemisia tripartita","E1","Control","Q1",2009,0
"Hesperostipa comata","E1","Control","Q1",2009,3.2409364468671
"Poa secunda","E1","Control","Q1",2009,0.3766087589122
"Pseudoroegneria spicata","E1","Control","Q1",2009,2.8015211254571
"Artemisia tripartita","P7E1","Control","Q19",2009,13.6866350372658
"Hesperostipa comata","P7E1","Control","Q19",2009,5.6065839235892
"Poa secunda","P7E1","Control","Q19",2009,0.2836251016761
"Pseudoroegneria spicata","P7E1","Control","Q19",2009,2.1647430035994
"Artemisia tripartita","E1","Control","Q2",2009,39.9276977262625
"Hesperostipa comata","E1","Control","Q2",2009,0.005
"Poa secunda","E1","Control","Q2",2009,3.1268699785243
"Pseudoroegneria spicata","E1","Control","Q2",2009,1.1380007334725
"Artemisia tripartita","P7E1","Control","Q20",2009,12.4850745323177
"Hesperostipa comata","P7E1","Control","Q20",2009,2.2117320688238
"Poa secunda","P7E1","Control","Q20",2009,1.1072686640478
"Pseudoroegneria spicata","P7E1","Control","Q20",2009,1.2563852739258
"Artemisia tripartita","P7E1","Control","Q21",2009,0
"Hesperostipa comata","P7E1","Control","Q21",2009,0.7134730032397
"Poa secunda","P7E1","Control","Q21",2009,1.5995069142302
"Pseudoroegneria spicata","P7E1","Control","Q21",2009,0.2388799138316
"Artemisia tripartita","P7E1","Control","Q22",2009,0
"Hesperostipa comata","P7E1","Control","Q22",2009,3.0901796970538
"Poa secunda","P7E1","Control","Q22",2009,1.8299791223359
"Pseudoroegneria spicata","P7E1","Control","Q22",2009,3.1887265845687
"Artemisia tripartita","P10E1","Control","Q23",2009,0.7447459620296
"Hesperostipa comata","P10E1","Control","Q23",2009,1.8190259344515
"Poa secunda","P10E1","Control","Q23",2009,7.965072045527
"Pseudoroegneria spicata","P10E1","Control","Q23",2009,1.9762138917061
"Artemisia tripartita","P10E1","Control","Q24",2009,13.137774378288
"Hesperostipa comata","P10E1","Control","Q24",2009,0.5954726799486
"Poa secunda","P10E1","Control","Q24",2009,1.2924651112056
"Pseudoroegneria spicata","P10E1","Control","Q24",2009,2.2415220517797
"Artemisia tripartita","P10E1","Control","Q25",2009,26.3389125960882
"Hesperostipa comata","P10E1","Control","Q25",2009,0
"Poa secunda","P10E1","Control","Q25",2009,0
"Pseudoroegneria spicata","P10E1","Control","Q25",2009,0.1609070078576
"Artemisia tripartita","P10E1","Control","Q26",2009,24.9961023506519
"Hesperostipa comata","P10E1","Control","Q26",2009,0
"Poa secunda","P10E1","Control","Q26",2009,0.5480362718716
"Pseudoroegneria spicata","P10E1","Control","Q26",2009,2.6362361618072
"Artemisia tripartita","E1","Control","Q3",2009,55.317252170538
"Hesperostipa comata","E1","Control","Q3",2009,0
"Poa secunda","E1","Control","Q3",2009,0.6762166701094
"Pseudoroegneria spicata","E1","Control","Q3",2009,3.3967480879427
"Artemisia tripartita","E1","Control","Q4",2009,34.9430792168747
"Hesperostipa comata","E1","Control","Q4",2009,0.1969616209177
"Poa secunda","E1","Control","Q4",2009,1.5013086798573
"Pseudoroegneria spicata","E1","Control","Q4",2009,1.5751151693501
"Artemisia tripartita","E1","Control","Q5",2009,0
"Hesperostipa comata","E1","Control","Q5",2009,0
"Poa secunda","E1","Control","Q5",2009,0.1283714937631
"Pseudoroegneria spicata","E1","Control","Q5",2009,1.7921718543848
"Artemisia tripartita","E1","Control","Q6",2009,0
"Hesperostipa comata","E1","Control","Q6",2009,0.0025
"Poa secunda","E1","Control","Q6",2009,1.2931438830779
"Pseudoroegneria spicata","E1","Control","Q6",2009,1.0835423851156
"Artemisia tripartita","E1","Control","Q1",2010,0
"Hesperostipa comata","E1","Control","Q1",2010,4.3574133840437
"Poa secunda","E1","Control","Q1",2010,0.835461491068
"Pseudoroegneria spicata","E1","Control","Q1",2010,2.8680288191268
"Artemisia tripartita","P7E1","Control","Q19",2010,10.5989625202797
"Hesperostipa comata","P7E1","Control","Q19",2010,4.4802544272086
"Poa secunda","P7E1","Control","Q19",2010,0.8862062726876
"Pseudoroegneria spicata","P7E1","Control","Q19",2010,1.7694885864389
"Artemisia tripartita","E1","Control","Q2",2010,38.9465485940973
"Hesperostipa comata","E1","Control","Q2",2010,0
"Poa secunda","E1","Control","Q2",2010,3.5686519278902
"Pseudoroegneria spicata","E1","Control","Q2",2010,0.6409743134784
"Artemisia tripartita","P7E1","Control","Q20",2010,18.2905321521732
"Hesperostipa comata","P7E1","Control","Q20",2010,1.5654596587776
"Poa secunda","P7E1","Control","Q20",2010,1.3392517515514
"Pseudoroegneria spicata","P7E1","Control","Q20",2010,1.0854732309825
"Artemisia tripartita","P7E1","Control","Q21",2010,0
"Hesperostipa comata","P7E1","Control","Q21",2010,0.1827594093348
"Poa secunda","P7E1","Control","Q21",2010,0.8909269401178
"Pseudoroegneria spicata","P7E1","Control","Q21",2010,0.0797808002237
"Artemisia tripartita","P7E1","Control","Q22",2010,0
"Hesperostipa comata","P7E1","Control","Q22",2010,3.0586991178335
"Poa secunda","P7E1","Control","Q22",2010,2.1723228524387
"Pseudoroegneria spicata","P7E1","Control","Q22",2010,2.9994875925947
"Artemisia tripartita","P10E1","Control","Q23",2010,0.8709687442778
"Hesperostipa comata","P10E1","Control","Q23",2010,2.0501080130372
"Poa secunda","P10E1","Control","Q23",2010,4.9571713224738
"Pseudoroegneria spicata","P10E1","Control","Q23",2010,1.7927307989884
"Artemisia tripartita","P10E1","Control","Q24",2010,12.8548219106147
"Hesperostipa comata","P10E1","Control","Q24",2010,0.405319218755
"Poa secunda","P10E1","Control","Q24",2010,1.2641739531439
"Pseudoroegneria spicata","P10E1","Control","Q24",2010,1.7937970656113
"Artemisia tripartita","P10E1","Control","Q25",2010,39.8853650105879
"Hesperostipa comata","P10E1","Control","Q25",2010,0
"Poa secunda","P10E1","Control","Q25",2010,0
"Pseudoroegneria spicata","P10E1","Control","Q25",2010,0.1083699840649
"Artemisia tripartita","P10E1","Control","Q26",2010,45.6086115608216
"Hesperostipa comata","P10E1","Control","Q26",2010,0
"Poa secunda","P10E1","Control","Q26",2010,0.4428041679604
"Pseudoroegneria spicata","P10E1","Control","Q26",2010,3.0375697093307
"Artemisia tripartita","E1","Control","Q3",2010,41.859652440452
"Hesperostipa comata","E1","Control","Q3",2010,0.01
"Poa secunda","E1","Control","Q3",2010,0.9224767377572
"Pseudoroegneria spicata","E1","Control","Q3",2010,2.2896239862846
"Artemisia tripartita","E1","Control","Q4",2010,32.299247922027
"Hesperostipa comata","E1","Control","Q4",2010,0.2591899617455
"Poa secunda","E1","Control","Q4",2010,3.1131539645766
"Pseudoroegneria spicata","E1","Control","Q4",2010,1.6762757170385
"Artemisia tripartita","E1","Control","Q5",2010,0
"Hesperostipa comata","E1","Control","Q5",2010,0
"Poa secunda","E1","Control","Q5",2010,0.0993194814027
"Pseudoroegneria spicata","E1","Control","Q5",2010,2.4701243597936
"Artemisia tripartita","E1","Control","Q6",2010,0
"Hesperostipa comata","E1","Control","Q6",2010,0
"Poa secunda","E1","Control","Q6",2010,3.5691152703895
"Pseudoroegneria spicata","E1","Control","Q6",2010,1.6583613853351
"Artemisia tripartita","E1","Control","Q1",2011,0
"Hesperostipa comata","E1","Control","Q1",2011,2.7085283559332
"Poa secunda","E1","Control","Q1",2011,1.183536602808
"Pseudoroegneria spicata","E1","Control","Q1",2011,1.363839147775
"Artemisia tripartita","P7E1","Control","Q19",2011,11.1328748331144
"Hesperostipa comata","P7E1","Control","Q19",2011,4.5250643777329
"Poa secunda","P7E1","Control","Q19",2011,0.9852937079572
"Pseudoroegneria spicata","P7E1","Control","Q19",2011,2.2837246622865
"Artemisia tripartita","E1","Control","Q2",2011,44.8599206033971
"Hesperostipa comata","E1","Control","Q2",2011,0
"Poa secunda","E1","Control","Q2",2011,2.2812515305097
"Pseudoroegneria spicata","E1","Control","Q2",2011,0.4239363732911
"Artemisia tripartita","P7E1","Control","Q20",2011,20.4954093749819
"Hesperostipa comata","P7E1","Control","Q20",2011,1.4743481338187
"Poa secunda","P7E1","Control","Q20",2011,1.942163935462
"Pseudoroegneria spicata","P7E1","Control","Q20",2011,0.7843307608994
"Artemisia tripartita","P7E1","Control","Q21",2011,0
"Hesperostipa comata","P7E1","Control","Q21",2011,0.064088267407
"Poa secunda","P7E1","Control","Q21",2011,1.1061381329204
"Pseudoroegneria spicata","P7E1","Control","Q21",2011,0.0125
"Artemisia tripartita","P7E1","Control","Q22",2011,0
"Hesperostipa comata","P7E1","Control","Q22",2011,2.7471649884026
"Poa secunda","P7E1","Control","Q22",2011,3.082619821308
"Pseudoroegneria spicata","P7E1","Control","Q22",2011,2.9047691127241
"Artemisia tripartita","P10E1","Control","Q23",2011,0.6517645324883
"Hesperostipa comata","P10E1","Control","Q23",2011,2.8506373791403
"Poa secunda","P10E1","Control","Q23",2011,6.673548318408
"Pseudoroegneria spicata","P10E1","Control","Q23",2011,1.8426613271772
"Artemisia tripartita","P10E1","Control","Q24",2011,13.6607048780389
"Hesperostipa comata","P10E1","Control","Q24",2011,0.261793130679
"Poa secunda","P10E1","Control","Q24",2011,1.1172631126506
"Pseudoroegneria spicata","P10E1","Control","Q24",2011,0.592969947089
"Artemisia tripartita","P10E1","Control","Q25",2011,8.282404829895
"Hesperostipa comata","P10E1","Control","Q25",2011,0
"Poa secunda","P10E1","Control","Q25",2011,0
"Pseudoroegneria spicata","P10E1","Control","Q25",2011,0.300957367372
"Artemisia tripartita","P10E1","Control","Q26",2011,39.3270061905216
"Hesperostipa comata","P10E1","Control","Q26",2011,0
"Poa secunda","P10E1","Control","Q26",2011,0.88437253533
"Pseudoroegneria spicata","P10E1","Control","Q26",2011,2.1803910656705
"Artemisia tripartita","E1","Control","Q3",2011,44.6081907482806
"Hesperostipa comata","E1","Control","Q3",2011,0
"Poa secunda","E1","Control","Q3",2011,0.7955314564984
"Pseudoroegneria spicata","E1","Control","Q3",2011,1.7972831606635
"Artemisia tripartita","E1","Control","Q4",2011,28.8636585312484
"Hesperostipa comata","E1","Control","Q4",2011,0.1895698862372
"Poa secunda","E1","Control","Q4",2011,2.2623971913906
"Pseudoroegneria spicata","E1","Control","Q4",2011,0.9814349708051
"Artemisia tripartita","E1","No_shrub","Q47",2011,31.5955450650288
"Hesperostipa comata","E1","No_shrub","Q47",2011,0
"Poa secunda","E1","No_shrub","Q47",2011,2.5394132684465
"Pseudoroegneria spicata","E1","No_shrub","Q47",2011,1.285581460723
"Artemisia tripartita","E1","No_grass","Q48",2011,6.7007064227976
"Hesperostipa comata","E1","No_grass","Q48",2011,1.2972074999735
"Poa secunda","E1","No_grass","Q48",2011,1.2260109645061
"Pseudoroegneria spicata","E1","No_grass","Q48",2011,2.0490509800532
"Artemisia tripartita","E1","No_grass","Q49",2011,13.5525917078945
"Hesperostipa comata","E1","No_grass","Q49",2011,0.144283698307
"Poa secunda","E1","No_grass","Q49",2011,0.8044650882417
"Pseudoroegneria spicata","E1","No_grass","Q49",2011,1.1301807926811
"Artemisia tripartita","E1","Control","Q5",2011,0
"Hesperostipa comata","E1","Control","Q5",2011,0
"Poa secunda","E1","Control","Q5",2011,0.1083112888083
"Pseudoroegneria spicata","E1","Control","Q5",2011,2.046660371509
"Artemisia tripartita","E1","No_shrub","Q50",2011,39.4185526635568
"Hesperostipa comata","E1","No_shrub","Q50",2011,0
"Poa secunda","E1","No_shrub","Q50",2011,0.0618173971416
"Pseudoroegneria spicata","E1","No_shrub","Q50",2011,0.2154831432868
"Artemisia tripartita","E1","No_grass","Q51",2011,80.8690163588692
"Hesperostipa comata","E1","No_grass","Q51",2011,0.9972340502077
"Poa secunda","E1","No_grass","Q51",2011,0.850255782379
"Pseudoroegneria spicata","E1","No_grass","Q51",2011,1.3288289785261
"Artemisia tripartita","E1","No_shrub","Q52",2011,32.4816494130427
"Hesperostipa comata","E1","No_shrub","Q52",2011,0.4311215251905
"Poa secunda","E1","No_shrub","Q52",2011,4.723952200045
"Pseudoroegneria spicata","E1","No_shrub","Q52",2011,0.0025
"Artemisia tripartita","E1","No_shrub","Q53",2011,21.9623610279013
"Hesperostipa comata","E1","No_shrub","Q53",2011,0.0121341340082
"Poa secunda","E1","No_shrub","Q53",2011,0.2119097981721
"Pseudoroegneria spicata","E1","No_shrub","Q53",2011,1.6585250731743
"Artemisia tripartita","E1","No_shrub","Q54",2011,22.9347314788904
"Hesperostipa comata","E1","No_shrub","Q54",2011,0.6284171722311
"Poa secunda","E1","No_shrub","Q54",2011,2.7939618048165
"Pseudoroegneria spicata","E1","No_shrub","Q54",2011,1.0939135154397
"Artemisia tripartita","E1","No_grass","Q55",2011,16.8453457262591
"Hesperostipa comata","E1","No_grass","Q55",2011,0
"Poa secunda","E1","No_grass","Q55",2011,0.0628522719809
"Pseudoroegneria spicata","E1","No_grass","Q55",2011,1.523470841313
"Artemisia tripartita","E1","No_shrub","Q56",2011,20.00101669972
"Hesperostipa comata","E1","No_shrub","Q56",2011,0.0025
"Poa secunda","E1","No_shrub","Q56",2011,0
"Pseudoroegneria spicata","E1","No_shrub","Q56",2011,3.4003686001918
"Artemisia tripartita","E1","No_grass","Q57",2011,21.4330503586445
"Hesperostipa comata","E1","No_grass","Q57",2011,0
"Poa secunda","E1","No_grass","Q57",2011,0.0025
"Pseudoroegneria spicata","E1","No_grass","Q57",2011,2.719097291147
"Artemisia tripartita","E1","No_grass","Q58",2011,28.5484142691599
"Hesperostipa comata","E1","No_grass","Q58",2011,0.5631216138049
"Poa secunda","E1","No_grass","Q58",2011,1.4565992900122
"Pseudoroegneria spicata","E1","No_grass","Q58",2011,0.2127667421429
"Artemisia tripartita","E1","No_shrub","Q59",2011,15.8309211369441
"Hesperostipa comata","E1","No_shrub","Q59",2011,0
"Poa secunda","E1","No_shrub","Q59",2011,0.019485842603
"Pseudoroegneria spicata","E1","No_shrub","Q59",2011,0.7079227099371
"Artemisia tripartita","E1","Control","Q6",2011,0
"Hesperostipa comata","E1","Control","Q6",2011,0
"Poa secunda","E1","Control","Q6",2011,2.5976637921478
"Pseudoroegneria spicata","E1","Control","Q6",2011,0.8875142883598
"Artemisia tripartita","E1","No_grass","Q60",2011,22.2308203865415
"Hesperostipa comata","E1","No_grass","Q60",2011,0.6410916452793
"Poa secunda","E1","No_grass","Q60",2011,0.5747033081832
"Pseudoroegneria spicata","E1","No_grass","Q60",2011,1.1614574946596
"Artemisia tripartita","E1","No_shrub","Q61",2011,65.3339171819283
"Hesperostipa comata","E1","No_shrub","Q61",2011,0
"Poa secunda","E1","No_shrub","Q61",2011,0.1243968952266
"Pseudoroegneria spicata","E1","No_shrub","Q61",2011,1.0427979663392
"Artemisia tripartita","E1","No_grass","Q62",2011,14.2334740174854
"Hesperostipa comata","E1","No_grass","Q62",2011,2.682421887391
"Poa secunda","E1","No_grass","Q62",2011,0.3728017166071
"Pseudoroegneria spicata","E1","No_grass","Q62",2011,1.4975781507766
"Artemisia tripartita","E1","Control","Q1",2012,0
"Hesperostipa comata","E1","Control","Q1",2012,2.3675961558443
"Poa secunda","E1","Control","Q1",2012,1.2767538866792
"Pseudoroegneria spicata","E1","Control","Q1",2012,1.4473287408178
"Artemisia tripartita","P7E1","Control","Q19",2012,8.8738075100571
"Hesperostipa comata","P7E1","Control","Q19",2012,3.8052624907656
"Poa secunda","P7E1","Control","Q19",2012,2.0697121101063
"Pseudoroegneria spicata","P7E1","Control","Q19",2012,1.2658224419197
"Artemisia tripartita","E1","Control","Q2",2012,45.3606029189327
"Hesperostipa comata","E1","Control","Q2",2012,0
"Poa secunda","E1","Control","Q2",2012,4.2886823790362
"Pseudoroegneria spicata","E1","Control","Q2",2012,0.6020639380415
"Artemisia tripartita","P7E1","Control","Q20",2012,22.6925925996164
"Hesperostipa comata","P7E1","Control","Q20",2012,1.2302096432101
"Poa secunda","P7E1","Control","Q20",2012,2.8919726928443
"Pseudoroegneria spicata","P7E1","Control","Q20",2012,0.7559418476997
"Artemisia tripartita","P7E1","Control","Q21",2012,0
"Hesperostipa comata","P7E1","Control","Q21",2012,0.2526244466377
"Poa secunda","P7E1","Control","Q21",2012,2.0066146861721
"Pseudoroegneria spicata","P7E1","Control","Q21",2012,0.0417145270889
"Artemisia tripartita","P7E1","Control","Q22",2012,0
"Hesperostipa comata","P7E1","Control","Q22",2012,2.8136491276879
"Poa secunda","P7E1","Control","Q22",2012,3.702393048854
"Pseudoroegneria spicata","P7E1","Control","Q22",2012,1.9404846813312
"Artemisia tripartita","P10E1","Control","Q23",2012,1.0791815252486
"Hesperostipa comata","P10E1","Control","Q23",2012,2.5566462553164
"Poa secunda","P10E1","Control","Q23",2012,11.0042716865084
"Pseudoroegneria spicata","P10E1","Control","Q23",2012,2.3489525814686
"Artemisia tripartita","P10E1","Control","Q24",2012,12.4931322689535
"Hesperostipa comata","P10E1","Control","Q24",2012,0.3369379005007
"Poa secunda","P10E1","Control","Q24",2012,1.5377844780258
"Pseudoroegneria spicata","P10E1","Control","Q24",2012,0.3903723483003
"Artemisia tripartita","P10E1","Control","Q25",2012,18.1515995001082
"Hesperostipa comata","P10E1","Control","Q25",2012,0
"Poa secunda","P10E1","Control","Q25",2012,0
"Pseudoroegneria spicata","P10E1","Control","Q25",2012,0.2101313176773
"Artemisia tripartita","P10E1","Control","Q26",2012,37.1449281822242
"Hesperostipa comata","P10E1","Control","Q26",2012,0
"Poa secunda","P10E1","Control","Q26",2012,1.3082173238293
"Pseudoroegneria spicata","P10E1","Control","Q26",2012,1.8535470801792
"Artemisia tripartita","E1","Control","Q3",2012,47.865524345107
"Hesperostipa comata","E1","Control","Q3",2012,0
"Poa secunda","E1","Control","Q3",2012,1.0631769795428
"Pseudoroegneria spicata","E1","Control","Q3",2012,1.0226519398574
"Artemisia tripartita","E1","Control","Q4",2012,25.7070886175749
"Hesperostipa comata","E1","Control","Q4",2012,0.2859191106105
"Poa secunda","E1","Control","Q4",2012,3.9771156748983
"Pseudoroegneria spicata","E1","Control","Q4",2012,0.748992256146
"Artemisia tripartita","E1","No_shrub","Q47",2012,0
"Hesperostipa comata","E1","No_shrub","Q47",2012,0
"Poa secunda","E1","No_shrub","Q47",2012,3.7928135840521
"Pseudoroegneria spicata","E1","No_shrub","Q47",2012,2.4159950118256
"Artemisia tripartita","E1","No_grass","Q48",2012,8.747538898322
"Hesperostipa comata","E1","No_grass","Q48",2012,0.6701680914115
"Poa secunda","E1","No_grass","Q48",2012,0.1819246015774
"Pseudoroegneria spicata","E1","No_grass","Q48",2012,0.3649425943387
"Artemisia tripartita","E1","No_grass","Q49",2012,3.9793290783508
"Hesperostipa comata","E1","No_grass","Q49",2012,0.0587587688726
"Poa secunda","E1","No_grass","Q49",2012,0.0740870609099
"Pseudoroegneria spicata","E1","No_grass","Q49",2012,0.7470233688226
"Artemisia tripartita","E1","Control","Q5",2012,0
"Hesperostipa comata","E1","Control","Q5",2012,0
"Poa secunda","E1","Control","Q5",2012,0.2152605575142
"Pseudoroegneria spicata","E1","Control","Q5",2012,2.5582973006701
"Artemisia tripartita","E1","No_shrub","Q50",2012,0
"Hesperostipa comata","E1","No_shrub","Q50",2012,0.0025
"Poa secunda","E1","No_shrub","Q50",2012,0.0904352146601
"Pseudoroegneria spicata","E1","No_shrub","Q50",2012,0.5364575510793
"Artemisia tripartita","E1","No_grass","Q51",2012,72.4176910653223
"Hesperostipa comata","E1","No_grass","Q51",2012,0.1251168629522
"Poa secunda","E1","No_grass","Q51",2012,0.4248164905103
"Pseudoroegneria spicata","E1","No_grass","Q51",2012,0.066776429436
"Artemisia tripartita","E1","No_shrub","Q52",2012,0
"Hesperostipa comata","E1","No_shrub","Q52",2012,0.3705780870745
"Poa secunda","E1","No_shrub","Q52",2012,5.5062215777383
"Pseudoroegneria spicata","E1","No_shrub","Q52",2012,0.0125
"Artemisia tripartita","E1","No_shrub","Q53",2012,0
"Hesperostipa comata","E1","No_shrub","Q53",2012,0.0533207177682
"Poa secunda","E1","No_shrub","Q53",2012,0.3496558615929
"Pseudoroegneria spicata","E1","No_shrub","Q53",2012,1.9875318858971
"Artemisia tripartita","E1","No_shrub","Q54",2012,0
"Hesperostipa comata","E1","No_shrub","Q54",2012,0.5263754074225
"Poa secunda","E1","No_shrub","Q54",2012,4.5713910642778
"Pseudoroegneria spicata","E1","No_shrub","Q54",2012,1.986702450418
"Artemisia tripartita","E1","No_grass","Q55",2012,15.262877721785
"Hesperostipa comata","E1","No_grass","Q55",2012,0
"Poa secunda","E1","No_grass","Q55",2012,0
"Pseudoroegneria spicata","E1","No_grass","Q55",2012,0.5680936838022
"Artemisia tripartita","E1","No_shrub","Q56",2012,0
"Hesperostipa comata","E1","No_shrub","Q56",2012,0
"Poa secunda","E1","No_shrub","Q56",2012,0.0025
"Pseudoroegneria spicata","E1","No_shrub","Q56",2012,3.0195112369491
"Artemisia tripartita","E1","No_grass","Q57",2012,15.8662428589413
"Hesperostipa comata","E1","No_grass","Q57",2012,0
"Poa secunda","E1","No_grass","Q57",2012,0
"Pseudoroegneria spicata","E1","No_grass","Q57",2012,2.5301687491058
"Artemisia tripartita","E1","No_grass","Q58",2012,24.8844773721997
"Hesperostipa comata","E1","No_grass","Q58",2012,0.0972542535956
"Poa secunda","E1","No_grass","Q58",2012,0.1050786152059
"Pseudoroegneria spicata","E1","No_grass","Q58",2012,0.4657498474854
"Artemisia tripartita","E1","No_shrub","Q59",2012,0
"Hesperostipa comata","E1","No_shrub","Q59",2012,0
"Poa secunda","E1","No_shrub","Q59",2012,0.005
"Pseudoroegneria spicata","E1","No_shrub","Q59",2012,1.2979167797933
"Artemisia tripartita","E1","Control","Q6",2012,0
"Hesperostipa comata","E1","Control","Q6",2012,0
"Poa secunda","E1","Control","Q6",2012,4.6747453971273
"Pseudoroegneria spicata","E1","Control","Q6",2012,2.3506815268941
"Artemisia tripartita","E1","No_grass","Q60",2012,17.5576422800885
"Hesperostipa comata","E1","No_grass","Q60",2012,0.0742717576728
"Poa secunda","E1","No_grass","Q60",2012,0.1211177915172
"Pseudoroegneria spicata","E1","No_grass","Q60",2012,0.4620946751756
"Artemisia tripartita","E1","No_shrub","Q61",2012,0.0466547842458
"Hesperostipa comata","E1","No_shrub","Q61",2012,0
"Poa secunda","E1","No_shrub","Q61",2012,0.1769346411587
"Pseudoroegneria spicata","E1","No_shrub","Q61",2012,1.7944880231124
"Artemisia tripartita","E1","No_grass","Q62",2012,12.7891932017251
"Hesperostipa comata","E1","No_grass","Q62",2012,0.4467803925196
"Poa secunda","E1","No_grass","Q62",2012,0.0748004394997
"Pseudoroegneria spicata","E1","No_grass","Q62",2012,0.1897101107279
"Artemisia tripartita","E1","Control","Q1",2013,0
"Hesperostipa comata","E1","Control","Q1",2013,4.6323826075858
"Poa secunda","E1","Control","Q1",2013,1.3689979273431
"Pseudoroegneria spicata","E1","Control","Q1",2013,1.9677825827345
"Artemisia tripartita","P7E1","Control","Q19",2013,11.6197628874793
"Hesperostipa comata","P7E1","Control","Q19",2013,2.817509622912
"Poa secunda","P7E1","Control","Q19",2013,1.919337598638
"Pseudoroegneria spicata","P7E1","Control","Q19",2013,1.4152487594985
"Artemisia tripartita","E1","Control","Q2",2013,36.3384566640568
"Hesperostipa comata","E1","Control","Q2",2013,0
"Poa secunda","E1","Control","Q2",2013,4.6413665388729
"Pseudoroegneria spicata","E1","Control","Q2",2013,1.5557540140084
"Artemisia tripartita","P7E1","Control","Q20",2013,22.8549042823288
"Hesperostipa comata","P7E1","Control","Q20",2013,1.5718046131798
"Poa secunda","P7E1","Control","Q20",2013,4.1232774807964
"Pseudoroegneria spicata","P7E1","Control","Q20",2013,1.1296133600979
"Artemisia tripartita","P7E1","Control","Q21",2013,0
"Hesperostipa comata","P7E1","Control","Q21",2013,0.202191544815
"Poa secunda","P7E1","Control","Q21",2013,2.2802856290421
"Pseudoroegneria spicata","P7E1","Control","Q21",2013,0.0666162353162
"Artemisia tripartita","P7E1","Control","Q22",2013,0
"Hesperostipa comata","P7E1","Control","Q22",2013,2.7470939843286
"Poa secunda","P7E1","Control","Q22",2013,4.1706545167857
"Pseudoroegneria spicata","P7E1","Control","Q22",2013,2.6986177581222
"Artemisia tripartita","P10E1","Control","Q23",2013,0.6324183830225
"Hesperostipa comata","P10E1","Control","Q23",2013,2.1783685355837
"Poa secunda","P10E1","Control","Q23",2013,10.466460047813
"Pseudoroegneria spicata","P10E1","Control","Q23",2013,1.4947120204554
"Artemisia tripartita","P10E1","Control","Q24",2013,11.2118941479883
"Hesperostipa comata","P10E1","Control","Q24",2013,0.3793613497306
"Poa secunda","P10E1","Control","Q24",2013,2.6135786303836
"Pseudoroegneria spicata","P10E1","Control","Q24",2013,0.8729421196098
"Artemisia tripartita","P10E1","Control","Q25",2013,20.9048482134241
"Hesperostipa comata","P10E1","Control","Q25",2013,0
"Poa secunda","P10E1","Control","Q25",2013,0
"Pseudoroegneria spicata","P10E1","Control","Q25",2013,0.6261370218441
"Artemisia tripartita","P10E1","Control","Q26",2013,27.4886479036183
"Hesperostipa comata","P10E1","Control","Q26",2013,0
"Poa secunda","P10E1","Control","Q26",2013,2.2910252938302
"Pseudoroegneria spicata","P10E1","Control","Q26",2013,3.4591541970176
"Artemisia tripartita","E1","Control","Q3",2013,44.0198289976377
"Hesperostipa comata","E1","Control","Q3",2013,0
"Poa secunda","E1","Control","Q3",2013,1.2094701871812
"Pseudoroegneria spicata","E1","Control","Q3",2013,1.8822643991773
"Artemisia tripartita","E1","Control","Q4",2013,25.2004383301203
"Hesperostipa comata","E1","Control","Q4",2013,0.2716517065998
"Poa secunda","E1","Control","Q4",2013,4.7701623144214
"Pseudoroegneria spicata","E1","Control","Q4",2013,1.3159333600832
"Artemisia tripartita","E1","No_shrub","Q47",2013,0
"Hesperostipa comata","E1","No_shrub","Q47",2013,0
"Poa secunda","E1","No_shrub","Q47",2013,5.7625021906837
"Pseudoroegneria spicata","E1","No_shrub","Q47",2013,3.2079035169535
"Artemisia tripartita","E1","No_grass","Q48",2013,12.9387616226017
"Hesperostipa comata","E1","No_grass","Q48",2013,0.1928294299001
"Poa secunda","E1","No_grass","Q48",2013,0.0626066884989
"Pseudoroegneria spicata","E1","No_grass","Q48",2013,0.0990148558553
"Artemisia tripartita","E1","No_grass","Q49",2013,0
"Hesperostipa comata","E1","No_grass","Q49",2013,0
"Poa secunda","E1","No_grass","Q49",2013,0.04
"Pseudoroegneria spicata","E1","No_grass","Q49",2013,0.0125
"Artemisia tripartita","E1","Control","Q5",2013,0
"Hesperostipa comata","E1","Control","Q5",2013,0
"Poa secunda","E1","Control","Q5",2013,0.6726705133295
"Pseudoroegneria spicata","E1","Control","Q5",2013,3.2162149243181
"Artemisia tripartita","E1","No_shrub","Q50",2013,0
"Hesperostipa comata","E1","No_shrub","Q50",2013,0
"Poa secunda","E1","No_shrub","Q50",2013,0.2397616252804
"Pseudoroegneria spicata","E1","No_shrub","Q50",2013,1.1497410798156
"Artemisia tripartita","E1","No_grass","Q51",2013,57.9531971942519
"Hesperostipa comata","E1","No_grass","Q51",2013,0.01
"Poa secunda","E1","No_grass","Q51",2013,0.0880000994033
"Pseudoroegneria spicata","E1","No_grass","Q51",2013,0.1217319338527
"Artemisia tripartita","E1","No_shrub","Q52",2013,0
"Hesperostipa comata","E1","No_shrub","Q52",2013,1.0769796302165
"Poa secunda","E1","No_shrub","Q52",2013,9.6674879776963
"Pseudoroegneria spicata","E1","No_shrub","Q52",2013,0
"Artemisia tripartita","E1","No_shrub","Q53",2013,0
"Hesperostipa comata","E1","No_shrub","Q53",2013,0.1700545096028
"Poa secunda","E1","No_shrub","Q53",2013,0.3511201680942
"Pseudoroegneria spicata","E1","No_shrub","Q53",2013,2.6347243385824
"Artemisia tripartita","E1","No_shrub","Q54",2013,0
"Hesperostipa comata","E1","No_shrub","Q54",2013,0.9460508560471
"Poa secunda","E1","No_shrub","Q54",2013,5.6626391610138
"Pseudoroegneria spicata","E1","No_shrub","Q54",2013,4.299692315322
"Artemisia tripartita","E1","No_grass","Q55",2013,11.9999251561206
"Hesperostipa comata","E1","No_grass","Q55",2013,0
"Poa secunda","E1","No_grass","Q55",2013,0
"Pseudoroegneria spicata","E1","No_grass","Q55",2013,0.3461356581935
"Artemisia tripartita","E1","No_shrub","Q56",2013,0
"Hesperostipa comata","E1","No_shrub","Q56",2013,0
"Poa secunda","E1","No_shrub","Q56",2013,0.0025
"Pseudoroegneria spicata","E1","No_shrub","Q56",2013,3.5457901871003
"Artemisia tripartita","E1","No_grass","Q57",2013,20.6723480709765
"Hesperostipa comata","E1","No_grass","Q57",2013,0
"Poa secunda","E1","No_grass","Q57",2013,0
"Pseudoroegneria spicata","E1","No_grass","Q57",2013,0.7636252432735
"Artemisia tripartita","E1","No_grass","Q58",2013,33.1912781666973
"Hesperostipa comata","E1","No_grass","Q58",2013,0.005
"Poa secunda","E1","No_grass","Q58",2013,0.1057690423108
"Pseudoroegneria spicata","E1","No_grass","Q58",2013,0
"Artemisia tripartita","E1","No_shrub","Q59",2013,0
"Hesperostipa comata","E1","No_shrub","Q59",2013,0
"Poa secunda","E1","No_shrub","Q59",2013,0.0075
"Pseudoroegneria spicata","E1","No_shrub","Q59",2013,1.9882632364693
"Artemisia tripartita","E1","Control","Q6",2013,0
"Hesperostipa comata","E1","Control","Q6",2013,0
"Poa secunda","E1","Control","Q6",2013,5.2782993720236
"Pseudoroegneria spicata","E1","Control","Q6",2013,2.407104358913
"Artemisia tripartita","E1","No_grass","Q60",2013,24.2910789937103
"Hesperostipa comata","E1","No_grass","Q60",2013,0.0099196521473
"Poa secunda","E1","No_grass","Q60",2013,0.253250388885
"Pseudoroegneria spicata","E1","No_grass","Q60",2013,0.0666678974453
"Artemisia tripartita","E1","No_shrub","Q61",2013,0
"Hesperostipa comata","E1","No_shrub","Q61",2013,0
"Poa secunda","E1","No_shrub","Q61",2013,0.2125818856279
"Pseudoroegneria spicata","E1","No_shrub","Q61",2013,2.4705867936811
"Artemisia tripartita","E1","No_grass","Q62",2013,14.8618745979407
"Hesperostipa comata","E1","No_grass","Q62",2013,0.2399595002459
"Poa secunda","E1","No_grass","Q62",2013,0.00625224
"Pseudoroegneria spicata","E1","No_grass","Q62",2013,0.0405841759223
"Artemisia tripartita","E1","Control","Q1",2014,0.2752494091521
"Hesperostipa comata","E1","Control","Q1",2014,3.1302777355828
"Poa secunda","E1","Control","Q1",2014,0.5946233847719
"Pseudoroegneria spicata","E1","Control","Q1",2014,1.2613099866441
"Artemisia tripartita","P7E1","Control","Q19",2014,13.2861158082712
"Hesperostipa comata","P7E1","Control","Q19",2014,4.2047398227153
"Poa secunda","P7E1","Control","Q19",2014,2.8541321089385
"Pseudoroegneria spicata","P7E1","Control","Q19",2014,3.1151776462382
"Artemisia tripartita","E1","Control","Q2",2014,35.3406744598887
"Hesperostipa comata","E1","Control","Q2",2014,0
"Poa secunda","E1","Control","Q2",2014,2.605972632452
"Pseudoroegneria spicata","E1","Control","Q2",2014,1.5401198542597
"Artemisia tripartita","P7E1","Control","Q20",2014,25.2532540791018
"Hesperostipa comata","P7E1","Control","Q20",2014,1.0505082580332
"Poa secunda","P7E1","Control","Q20",2014,4.6423957032844
"Pseudoroegneria spicata","P7E1","Control","Q20",2014,1.0235612032959
"Artemisia tripartita","P7E1","Control","Q21",2014,0.0331130455557
"Hesperostipa comata","P7E1","Control","Q21",2014,0.2204281336056
"Poa secunda","P7E1","Control","Q21",2014,1.1828243565031
"Pseudoroegneria spicata","P7E1","Control","Q21",2014,0
"Artemisia tripartita","P7E1","Control","Q22",2014,0
"Hesperostipa comata","P7E1","Control","Q22",2014,5.7688924935984
"Poa secunda","P7E1","Control","Q22",2014,3.7316334028065
"Pseudoroegneria spicata","P7E1","Control","Q22",2014,4.0674928316831
"Artemisia tripartita","P10E1","Control","Q23",2014,1.0195288958885
"Hesperostipa comata","P10E1","Control","Q23",2014,4.6136841781985
"Poa secunda","P10E1","Control","Q23",2014,5.6379926380122
"Pseudoroegneria spicata","P10E1","Control","Q23",2014,3.2983099057013
"Artemisia tripartita","P10E1","Control","Q24",2014,15.6827952373334
"Hesperostipa comata","P10E1","Control","Q24",2014,0.8355305272048
"Poa secunda","P10E1","Control","Q24",2014,3.9317708678423
"Pseudoroegneria spicata","P10E1","Control","Q24",2014,1.4070640053822
"Artemisia tripartita","P10E1","Control","Q25",2014,14.7156062253598
"Hesperostipa comata","P10E1","Control","Q25",2014,0
"Poa secunda","P10E1","Control","Q25",2014,0
"Pseudoroegneria spicata","P10E1","Control","Q25",2014,0.7656360598821
"Artemisia tripartita","P10E1","Control","Q26",2014,19.9429002600253
"Hesperostipa comata","P10E1","Control","Q26",2014,0
"Poa secunda","P10E1","Control","Q26",2014,1.9905873464449
"Pseudoroegneria spicata","P10E1","Control","Q26",2014,3.7709751202232
"Artemisia tripartita","E1","Control","Q3",2014,39.9143704404034
"Hesperostipa comata","E1","Control","Q3",2014,0.1085813439848
"Poa secunda","E1","Control","Q3",2014,0.8661867345781
"Pseudoroegneria spicata","E1","Control","Q3",2014,2.2175536232961
"Artemisia tripartita","E1","Control","Q4",2014,21.5399111059836
"Hesperostipa comata","E1","Control","Q4",2014,0.3957744566547
"Poa secunda","E1","Control","Q4",2014,1.7637888577697
"Pseudoroegneria spicata","E1","Control","Q4",2014,1.6730540956162
"Artemisia tripartita","E1","No_shrub","Q47",2014,0
"Hesperostipa comata","E1","No_shrub","Q47",2014,0
"Poa secunda","E1","No_shrub","Q47",2014,4.6945183791208
"Pseudoroegneria spicata","E1","No_shrub","Q47",2014,6.2005567397668
"Artemisia tripartita","E1","No_grass","Q48",2014,13.1984944573789
"Hesperostipa comata","E1","No_grass","Q48",2014,0.1701427642079
"Poa secunda","E1","No_grass","Q48",2014,0.0075
"Pseudoroegneria spicata","E1","No_grass","Q48",2014,0
"Artemisia tripartita","E1","No_grass","Q49",2014,0
"Hesperostipa comata","E1","No_grass","Q49",2014,0
"Poa secunda","E1","No_grass","Q49",2014,0.01
"Pseudoroegneria spicata","E1","No_grass","Q49",2014,0
"Artemisia tripartita","E1","Control","Q5",2014,0
"Hesperostipa comata","E1","Control","Q5",2014,0
"Poa secunda","E1","Control","Q5",2014,0.0998920924007
"Pseudoroegneria spicata","E1","Control","Q5",2014,4.4615407483627
"Artemisia tripartita","E1","No_shrub","Q50",2014,0
"Hesperostipa comata","E1","No_shrub","Q50",2014,0
"Poa secunda","E1","No_shrub","Q50",2014,0
"Pseudoroegneria spicata","E1","No_shrub","Q50",2014,0.5308776816787
"Artemisia tripartita","E1","No_grass","Q51",2014,64.7848159780404
"Hesperostipa comata","E1","No_grass","Q51",2014,0
"Poa secunda","E1","No_grass","Q51",2014,0.0075
"Pseudoroegneria spicata","E1","No_grass","Q51",2014,0
"Artemisia tripartita","E1","No_shrub","Q52",2014,0
"Hesperostipa comata","E1","No_shrub","Q52",2014,2.3560340798812
"Poa secunda","E1","No_shrub","Q52",2014,6.5778453078037
"Pseudoroegneria spicata","E1","No_shrub","Q52",2014,0
"Artemisia tripartita","E1","No_shrub","Q53",2014,0
"Hesperostipa comata","E1","No_shrub","Q53",2014,0.079637263467
"Poa secunda","E1","No_shrub","Q53",2014,0.237904388381
"Pseudoroegneria spicata","E1","No_shrub","Q53",2014,3.6127887524404
"Artemisia tripartita","E1","No_shrub","Q54",2014,0
"Hesperostipa comata","E1","No_shrub","Q54",2014,0.7744298191915
"Poa secunda","E1","No_shrub","Q54",2014,4.0199730896099
"Pseudoroegneria spicata","E1","No_shrub","Q54",2014,3.237538073676
"Artemisia tripartita","E1","No_grass","Q55",2014,5.186432454455
"Hesperostipa comata","E1","No_grass","Q55",2014,0
"Poa secunda","E1","No_grass","Q55",2014,0
"Pseudoroegneria spicata","E1","No_grass","Q55",2014,0.005
"Artemisia tripartita","E1","No_shrub","Q56",2014,0
"Hesperostipa comata","E1","No_shrub","Q56",2014,0
"Poa secunda","E1","No_shrub","Q56",2014,0
"Pseudoroegneria spicata","E1","No_shrub","Q56",2014,3.6433874041027
"Artemisia tripartita","E1","No_grass","Q57",2014,20.2484998817894
"Hesperostipa comata","E1","No_grass","Q57",2014,0
"Poa secunda","E1","No_grass","Q57",2014,0
"Pseudoroegneria spicata","E1","No_grass","Q57",2014,0.0075
"Artemisia tripartita","E1","No_grass","Q58",2014,32.3783134916385
"Hesperostipa comata","E1","No_grass","Q58",2014,0.0025
"Poa secunda","E1","No_grass","Q58",2014,0.0025
"Pseudoroegneria spicata","E1","No_grass","Q58",2014,0.0025
"Artemisia tripartita","E1","No_shrub","Q59",2014,0
"Hesperostipa comata","E1","No_shrub","Q59",2014,0
"Poa secunda","E1","No_shrub","Q59",2014,0
"Pseudoroegneria spicata","E1","No_shrub","Q59",2014,2.8502185702849
"Artemisia tripartita","E1","Control","Q6",2014,0
"Hesperostipa comata","E1","Control","Q6",2014,0
"Poa secunda","E1","Control","Q6",2014,3.5242358605057
"Pseudoroegneria spicata","E1","Control","Q6",2014,1.6446793198687
"Artemisia tripartita","E1","No_grass","Q60",2014,15.1502447332564
"Hesperostipa comata","E1","No_grass","Q60",2014,0
"Poa secunda","E1","No_grass","Q60",2014,0
"Pseudoroegneria spicata","E1","No_grass","Q60",2014,0
"Artemisia tripartita","E1","No_shrub","Q61",2014,0
"Hesperostipa comata","E1","No_shrub","Q61",2014,0
"Poa secunda","E1","No_shrub","Q61",2014,0.2306843686987
"Pseudoroegneria spicata","E1","No_shrub","Q61",2014,2.1097465995422
"Artemisia tripartita","E1","No_grass","Q62",2014,10.3606789317517
"Hesperostipa comata","E1","No_grass","Q62",2014,0.01
"Poa secunda","E1","No_grass","Q62",2014,0
"Pseudoroegneria spicata","E1","No_grass","Q62",2014,0
"Artemisia tripartita","E1","Control","Q1",2015,0.270489653035
"Hesperostipa comata","E1","Control","Q1",2015,2.3104715372785
"Poa secunda","E1","Control","Q1",2015,0.7816999253462
"Pseudoroegneria spicata","E1","Control","Q1",2015,1.2128841817123
"Artemisia tripartita","P7E1","Control","Q19",2015,14.6738634142187
"Hesperostipa comata","P7E1","Control","Q19",2015,2.7504519880348
"Poa secunda","P7E1","Control","Q19",2015,1.5640857567626
"Pseudoroegneria spicata","P7E1","Control","Q19",2015,1.2582939246838
"Artemisia tripartita","E1","Control","Q2",2015,42.6610619343244
"Hesperostipa comata","E1","Control","Q2",2015,0
"Poa secunda","E1","Control","Q2",2015,1.133057303423
"Pseudoroegneria spicata","E1","Control","Q2",2015,0.4116111154027
"Artemisia tripartita","P7E1","Control","Q20",2015,25.8409245696226
"Hesperostipa comata","P7E1","Control","Q20",2015,0.4552346408942
"Poa secunda","P7E1","Control","Q20",2015,1.6317817074348
"Pseudoroegneria spicata","P7E1","Control","Q20",2015,0.3008437893609
"Artemisia tripartita","P7E1","Control","Q21",2015,0.4909398670345
"Hesperostipa comata","P7E1","Control","Q21",2015,0.55746034363
"Poa secunda","P7E1","Control","Q21",2015,0.8545524286705
"Pseudoroegneria spicata","P7E1","Control","Q21",2015,0
"Artemisia tripartita","P7E1","Control","Q22",2015,0
"Hesperostipa comata","P7E1","Control","Q22",2015,1.9530891845675
"Poa secunda","P7E1","Control","Q22",2015,0.9936149712542
"Pseudoroegneria spicata","P7E1","Control","Q22",2015,1.0866148294526
"Artemisia tripartita","P10E1","Control","Q23",2015,0.4477582621744
"Hesperostipa comata","P10E1","Control","Q23",2015,3.1924033515546
"Poa secunda","P10E1","Control","Q23",2015,0.2356443331302
"Pseudoroegneria spicata","P10E1","Control","Q23",2015,0.8555791322448
"Artemisia tripartita","P10E1","Control","Q24",2015,9.535757614142
"Hesperostipa comata","P10E1","Control","Q24",2015,0.2137877832121
"Poa secunda","P10E1","Control","Q24",2015,1.8085818834181
"Pseudoroegneria spicata","P10E1","Control","Q24",2015,0.5394513076372
"Artemisia tripartita","P10E1","Control","Q25",2015,15.5592182092477
"Hesperostipa comata","P10E1","Control","Q25",2015,0
"Poa secunda","P10E1","Control","Q25",2015,0
"Pseudoroegneria spicata","P10E1","Control","Q25",2015,0.6237957900456
"Artemisia tripartita","P10E1","Control","Q26",2015,22.1557014709464
"Hesperostipa comata","P10E1","Control","Q26",2015,0
"Poa secunda","P10E1","Control","Q26",2015,2.9669090757328
"Pseudoroegneria spicata","P10E1","Control","Q26",2015,3.7955443749072
"Artemisia tripartita","E1","Control","Q3",2015,37.5659148575096
"Hesperostipa comata","E1","Control","Q3",2015,0
"Poa secunda","E1","Control","Q3",2015,0.5827516134143
"Pseudoroegneria spicata","E1","Control","Q3",2015,1.4818988849326
"Artemisia tripartita","E1","Control","Q4",2015,22.6501964237266
"Hesperostipa comata","E1","Control","Q4",2015,0.3050425091801
"Poa secunda","E1","Control","Q4",2015,1.4022894863007
"Pseudoroegneria spicata","E1","Control","Q4",2015,1.577684864522
"Artemisia tripartita","E1","No_shrub","Q47",2015,0
"Hesperostipa comata","E1","No_shrub","Q47",2015,0
"Poa secunda","E1","No_shrub","Q47",2015,4.318292302951
"Pseudoroegneria spicata","E1","No_shrub","Q47",2015,4.6086995217645
"Artemisia tripartita","E1","No_grass","Q48",2015,17.9355627903912
"Hesperostipa comata","E1","No_grass","Q48",2015,0
"Poa secunda","E1","No_grass","Q48",2015,0.0025
"Pseudoroegneria spicata","E1","No_grass","Q48",2015,0
"Artemisia tripartita","E1","No_grass","Q49",2015,0
"Hesperostipa comata","E1","No_grass","Q49",2015,0
"Poa secunda","E1","No_grass","Q49",2015,0.005
"Pseudoroegneria spicata","E1","No_grass","Q49",2015,0
"Artemisia tripartita","E1","Control","Q5",2015,0
"Hesperostipa comata","E1","Control","Q5",2015,0
"Poa secunda","E1","Control","Q5",2015,0.0814897606197
"Pseudoroegneria spicata","E1","Control","Q5",2015,5.9886624206465
"Artemisia tripartita","E1","No_shrub","Q50",2015,0
"Hesperostipa comata","E1","No_shrub","Q50",2015,0
"Poa secunda","E1","No_shrub","Q50",2015,0
"Pseudoroegneria spicata","E1","No_shrub","Q50",2015,1.4842848475064
"Artemisia tripartita","E1","No_grass","Q51",2015,64.4047727736583
"Hesperostipa comata","E1","No_grass","Q51",2015,0
"Poa secunda","E1","No_grass","Q51",2015,0.0175
"Pseudoroegneria spicata","E1","No_grass","Q51",2015,0
"Artemisia tripartita","E1","No_shrub","Q52",2015,0.4064013231388
"Hesperostipa comata","E1","No_shrub","Q52",2015,1.3669947814654
"Poa secunda","E1","No_shrub","Q52",2015,0.589551051166
"Pseudoroegneria spicata","E1","No_shrub","Q52",2015,0.0953016301476
"Artemisia tripartita","E1","No_shrub","Q53",2015,0
"Hesperostipa comata","E1","No_shrub","Q53",2015,0.236031104743
"Poa secunda","E1","No_shrub","Q53",2015,0.0882553502701
"Pseudoroegneria spicata","E1","No_shrub","Q53",2015,2.8792203119634
"Artemisia tripartita","E1","No_shrub","Q54",2015,0
"Hesperostipa comata","E1","No_shrub","Q54",2015,1.2624810527797
"Poa secunda","E1","No_shrub","Q54",2015,3.4650785499714
"Pseudoroegneria spicata","E1","No_shrub","Q54",2015,4.3709509568935
"Artemisia tripartita","E1","No_grass","Q55",2015,6.0993162526093
"Hesperostipa comata","E1","No_grass","Q55",2015,0
"Poa secunda","E1","No_grass","Q55",2015,0.0025
"Pseudoroegneria spicata","E1","No_grass","Q55",2015,0
"Artemisia tripartita","E1","No_shrub","Q56",2015,0
"Hesperostipa comata","E1","No_shrub","Q56",2015,0
"Poa secunda","E1","No_shrub","Q56",2015,0
"Pseudoroegneria spicata","E1","No_shrub","Q56",2015,3.6525954981849
"Artemisia tripartita","E1","No_grass","Q57",2015,19.0488817511949
"Hesperostipa comata","E1","No_grass","Q57",2015,0
"Poa secunda","E1","No_grass","Q57",2015,0
"Pseudoroegneria spicata","E1","No_grass","Q57",2015,0.0025
"Artemisia tripartita","E1","No_grass","Q58",2015,39.4718920227389
"Hesperostipa comata","E1","No_grass","Q58",2015,0
"Poa secunda","E1","No_grass","Q58",2015,0.2221512310355
"Pseudoroegneria spicata","E1","No_grass","Q58",2015,0
"Artemisia tripartita","E1","No_shrub","Q59",2015,0
"Hesperostipa comata","E1","No_shrub","Q59",2015,0
"Poa secunda","E1","No_shrub","Q59",2015,0
"Pseudoroegneria spicata","E1","No_shrub","Q59",2015,2.1577174260444
"Artemisia tripartita","E1","Control","Q6",2015,0
"Hesperostipa comata","E1","Control","Q6",2015,0
"Poa secunda","E1","Control","Q6",2015,4.3196269968458
"Pseudoroegneria spicata","E1","Control","Q6",2015,1.4714981312463
"Artemisia tripartita","E1","No_grass","Q60",2015,20.5601946901668
"Hesperostipa comata","E1","No_grass","Q60",2015,0
"Poa secunda","E1","No_grass","Q60",2015,0
"Pseudoroegneria spicata","E1","No_grass","Q60",2015,0
"Artemisia tripartita","E1","No_shrub","Q61",2015,0
"Hesperostipa comata","E1","No_shrub","Q61",2015,0
"Poa secunda","E1","No_shrub","Q61",2015,0.1427523222128
"Pseudoroegneria spicata","E1","No_shrub","Q61",2015,3.1581374899584
"Artemisia tripartita","E1","No_grass","Q62",2015,10.4937338414062
"Hesperostipa comata","E1","No_grass","Q62",2015,0.005
"Poa secunda","E1","No_grass","Q62",2015,0
"Pseudoroegneria spicata","E1","No_grass","Q62",2015,0.005
"Artemisia tripartita","E1","Control","Q1",2016,0
"Hesperostipa comata","E1","Control","Q1",2016,3.5627136624929
"Poa secunda","E1","Control","Q1",2016,0.6992200493154
"Pseudoroegneria spicata","E1","Control","Q1",2016,1.0299079136793
"Artemisia tripartita","P7E1","Control","Q19",2016,21.9912885189458
"Hesperostipa comata","P7E1","Control","Q19",2016,3.2139803420734
"Poa secunda","P7E1","Control","Q19",2016,1.6826398726694
"Pseudoroegneria spicata","P7E1","Control","Q19",2016,1.6486958709885
"Artemisia tripartita","E1","Control","Q2",2016,48.4954321990147
"Hesperostipa comata","E1","Control","Q2",2016,0
"Poa secunda","E1","Control","Q2",2016,0.7055273557813
"Pseudoroegneria spicata","E1","Control","Q2",2016,0.5015817360716
"Artemisia tripartita","P7E1","Control","Q20",2016,32.0867436428401
"Hesperostipa comata","P7E1","Control","Q20",2016,1.1113917051826
"Poa secunda","P7E1","Control","Q20",2016,2.2726570337068
"Pseudoroegneria spicata","P7E1","Control","Q20",2016,0.4386601386227
"Artemisia tripartita","P7E1","Control","Q21",2016,2.0741573905885
"Hesperostipa comata","P7E1","Control","Q21",2016,0.3467864328879
"Poa secunda","P7E1","Control","Q21",2016,0.6230203169512
"Pseudoroegneria spicata","P7E1","Control","Q21",2016,0
"Artemisia tripartita","P7E1","Control","Q22",2016,0
"Hesperostipa comata","P7E1","Control","Q22",2016,3.0429486422202
"Poa secunda","P7E1","Control","Q22",2016,1.0120122671418
"Pseudoroegneria spicata","P7E1","Control","Q22",2016,2.1705588060143
"Artemisia tripartita","P10E1","Control","Q23",2016,0
"Hesperostipa comata","P10E1","Control","Q23",2016,2.3257834124325
"Poa secunda","P10E1","Control","Q23",2016,0.173865383001
"Pseudoroegneria spicata","P10E1","Control","Q23",2016,0.5109726564766
"Artemisia tripartita","P10E1","Control","Q24",2016,16.2807191915043
"Hesperostipa comata","P10E1","Control","Q24",2016,0.7887181419042
"Poa secunda","P10E1","Control","Q24",2016,0.5144193146947
"Pseudoroegneria spicata","P10E1","Control","Q24",2016,0.4693105525488
"Artemisia tripartita","P10E1","Control","Q25",2016,26.68908976244
"Hesperostipa comata","P10E1","Control","Q25",2016,0
"Poa secunda","P10E1","Control","Q25",2016,0
"Pseudoroegneria spicata","P10E1","Control","Q25",2016,1.0729638407622
"Artemisia tripartita","P10E1","Control","Q26",2016,26.9376536646506
"Hesperostipa comata","P10E1","Control","Q26",2016,0
"Poa secunda","P10E1","Control","Q26",2016,1.1716950157719
"Pseudoroegneria spicata","P10E1","Control","Q26",2016,3.2838119739019
"Artemisia tripartita","E1","Control","Q3",2016,55.8114101596626
"Hesperostipa comata","E1","Control","Q3",2016,0.0025
"Poa secunda","E1","Control","Q3",2016,0.2396268108432
"Pseudoroegneria spicata","E1","Control","Q3",2016,1.4046914497345
"Artemisia tripartita","E1","Control","Q4",2016,26.7312226289001
"Hesperostipa comata","E1","Control","Q4",2016,0.4417137559268
"Poa secunda","E1","Control","Q4",2016,0.6606332314213
"Pseudoroegneria spicata","E1","Control","Q4",2016,1.2166414978947
"Artemisia tripartita","E1","No_shrub","Q47",2016,0
"Hesperostipa comata","E1","No_shrub","Q47",2016,0
"Poa secunda","E1","No_shrub","Q47",2016,4.6268837453864
"Pseudoroegneria spicata","E1","No_shrub","Q47",2016,3.3714111693301
"Artemisia tripartita","E1","No_grass","Q48",2016,17.7894038066606
"Hesperostipa comata","E1","No_grass","Q48",2016,0.0218682880313
"Poa secunda","E1","No_grass","Q48",2016,0.0025
"Pseudoroegneria spicata","E1","No_grass","Q48",2016,0.0095963173957
"Artemisia tripartita","E1","No_grass","Q49",2016,0.4407355501353
"Hesperostipa comata","E1","No_grass","Q49",2016,0.0989169862044
"Poa secunda","E1","No_grass","Q49",2016,0.0025
"Pseudoroegneria spicata","E1","No_grass","Q49",2016,0.0075
"Artemisia tripartita","E1","Control","Q5",2016,0
"Hesperostipa comata","E1","Control","Q5",2016,0
"Poa secunda","E1","Control","Q5",2016,0.0629271330745
"Pseudoroegneria spicata","E1","Control","Q5",2016,4.1981101993726
"Artemisia tripartita","E1","No_shrub","Q50",2016,0
"Hesperostipa comata","E1","No_shrub","Q50",2016,0
"Poa secunda","E1","No_shrub","Q50",2016,0.0025
"Pseudoroegneria spicata","E1","No_shrub","Q50",2016,0.8094919527732
"Artemisia tripartita","E1","No_grass","Q51",2016,70.7105749411641
"Hesperostipa comata","E1","No_grass","Q51",2016,0
"Poa secunda","E1","No_grass","Q51",2016,0.011848365
"Pseudoroegneria spicata","E1","No_grass","Q51",2016,0.0557220401266
"Artemisia tripartita","E1","No_shrub","Q52",2016,1.0424607276066
"Hesperostipa comata","E1","No_shrub","Q52",2016,1.3696725797922
"Poa secunda","E1","No_shrub","Q52",2016,0.0324669774726
"Pseudoroegneria spicata","E1","No_shrub","Q52",2016,0.1309112672183
"Artemisia tripartita","E1","No_shrub","Q53",2016,0
"Hesperostipa comata","E1","No_shrub","Q53",2016,0.2208781519705
"Poa secunda","E1","No_shrub","Q53",2016,0.1410188780703
"Pseudoroegneria spicata","E1","No_shrub","Q53",2016,3.629648322945
"Artemisia tripartita","E1","No_shrub","Q54",2016,0
"Hesperostipa comata","E1","No_shrub","Q54",2016,1.3501773441902
"Poa secunda","E1","No_shrub","Q54",2016,2.7098303902809
"Pseudoroegneria spicata","E1","No_shrub","Q54",2016,2.5006376845103
"Artemisia tripartita","E1","No_grass","Q55",2016,14.5186125106109
"Hesperostipa comata","E1","No_grass","Q55",2016,0
"Poa secunda","E1","No_grass","Q55",2016,0
"Pseudoroegneria spicata","E1","No_grass","Q55",2016,0
"Artemisia tripartita","E1","No_shrub","Q56",2016,0
"Hesperostipa comata","E1","No_shrub","Q56",2016,0
"Poa secunda","E1","No_shrub","Q56",2016,0
"Pseudoroegneria spicata","E1","No_shrub","Q56",2016,3.0892460833116
"Artemisia tripartita","E1","No_grass","Q57",2016,12.7343639418915
"Hesperostipa comata","E1","No_grass","Q57",2016,0
"Poa secunda","E1","No_grass","Q57",2016,0
"Pseudoroegneria spicata","E1","No_grass","Q57",2016,0.0025
"Artemisia tripartita","E1","No_grass","Q58",2016,54.8166633921678
"Hesperostipa comata","E1","No_grass","Q58",2016,0
"Poa secunda","E1","No_grass","Q58",2016,0.066394413614
"Pseudoroegneria spicata","E1","No_grass","Q58",2016,0
"Artemisia tripartita","E1","No_shrub","Q59",2016,0
"Hesperostipa comata","E1","No_shrub","Q59",2016,0
"Poa secunda","E1","No_shrub","Q59",2016,0.0260094360342
"Pseudoroegneria spicata","E1","No_shrub","Q59",2016,1.6676173329315
"Artemisia tripartita","E1","Control","Q6",2016,0
"Hesperostipa comata","E1","Control","Q6",2016,0
"Poa secunda","E1","Control","Q6",2016,3.8375393437185
"Pseudoroegneria spicata","E1","Control","Q6",2016,1.7948767283883
"Artemisia tripartita","E1","No_grass","Q60",2016,16.4605020220715
"Hesperostipa comata","E1","No_grass","Q60",2016,0.0125
"Poa secunda","E1","No_grass","Q60",2016,0.0440337718853
"Pseudoroegneria spicata","E1","No_grass","Q60",2016,0.0025
"Artemisia tripartita","E1","No_shrub","Q61",2016,0
"Hesperostipa comata","E1","No_shrub","Q61",2016,0.0200483339955
"Poa secunda","E1","No_shrub","Q61",2016,0.2961321546285
"Pseudoroegneria spicata","E1","No_shrub","Q61",2016,2.6298189963102
"Artemisia tripartita","E1","No_grass","Q62",2016,10.5987745831354
"Hesperostipa comata","E1","No_grass","Q62",2016,0.0175
"Poa secunda","E1","No_grass","Q62",2016,0
"Pseudoroegneria spicata","E1","No_grass","Q62",2016,0
