"","quad","year","trackID","area","survives","age","distEdgeMin","allEdge","seedling","QuadName","Grazing","paddock","Group","Treatment"
"1","Q1",2007,18,5.075809289362,1,1,35.51464,0,0,"E1 Q1","UG",NA,"E1","Control"
"2","Q1",2007,16,4.53444584468052,1,1,6.85900699999999,0,0,"E1 Q1","UG",NA,"E1","Control"
"3","Q1",2007,22,0.25,0,1,29.746235,0,0,"E1 Q1","UG",NA,"E1","Control"
"4","Q1",2007,21,0.25,0,1,1.528168,1,0,"E1 Q1","UG",NA,"E1","Control"
"5","Q1",2007,17,4.1001038295385,1,1,7.20661,0,0,"E1 Q1","UG",NA,"E1","Control"
"6","Q1",2007,20,0.2337925678585,0,1,0,1,0,"E1 Q1","UG",NA,"E1","Control"
"7","Q1",2007,15,6.46704387601951,0,1,1.49237599999999,0,0,"E1 Q1","UG",NA,"E1","Control"
"8","Q1",2007,19,16.0282193991835,0,1,31.168588,0,0,"E1 Q1","UG",NA,"E1","Control"
"9","Q1",2007,23,0.25,0,1,1.31273299999999,1,0,"E1 Q1","UG",NA,"E1","Control"
"10","Q1",2008,35,0.25,0,1,1.122738,1,0,"E1 Q1","UG",NA,"E1","Control"
"11","Q1",2008,32,0.25,0,1,9.27446,0,0,"E1 Q1","UG",NA,"E1","Control"
"12","Q1",2008,31,0.25,0,1,7.365004,0,0,"E1 Q1","UG",NA,"E1","Control"
"13","Q1",2008,24,1.13903224248351,0,1,11.191092,0,0,"E1 Q1","UG",NA,"E1","Control"
"14","Q1",2008,30,0.25,0,1,0.994331,1,0,"E1 Q1","UG",NA,"E1","Control"
"15","Q1",2008,27,4.5607240113585,0,1,0,1,0,"E1 Q1","UG",NA,"E1","Control"
"16","Q1",2008,29,1.9075033011585,0,1,16.999758,0,0,"E1 Q1","UG",NA,"E1","Control"
"17","Q1",2008,28,1.76203543379551,1,1,28.138849,0,0,"E1 Q1","UG",NA,"E1","Control"
"18","Q1",2008,34,0.2291035,0,1,0,1,0,"E1 Q1","UG",NA,"E1","Control"
"19","Q1",2008,33,0.25,0,1,6.054873,0,0,"E1 Q1","UG",NA,"E1","Control"
"20","Q1",2008,37,0.25,0,1,28.25807,0,0,"E1 Q1","UG",NA,"E1","Control"
"21","Q1",2008,25,1.588412319656,0,1,8.675726,0,0,"E1 Q1","UG",NA,"E1","Control"
"22","Q1",2008,36,0.25,0,1,28.189568,0,0,"E1 Q1","UG",NA,"E1","Control"
"23","Q1",2008,26,7.54789454832801,1,1,29.664006,0,0,"E1 Q1","UG",NA,"E1","Control"
"24","Q1",2009,39,14.8593648014165,1,1,8.922887,0,0,"E1 Q1","UG",NA,"E1","Control"
"25","Q1",2009,40,1.266871289413,1,1,0,1,0,"E1 Q1","UG",NA,"E1","Control"
"26","Q1",2009,38,2.6520985903205,0,1,20.356153,0,0,"E1 Q1","UG",NA,"E1","Control"
"27","Q1",2010,42,0.25,0,1,34.865074,0,0,"E1 Q1","UG",NA,"E1","Control"
"28","Q1",2010,41,3.31821901126348,0,1,16.32962,0,0,"E1 Q1","UG",NA,"E1","Control"
"29","Q1",2011,43,1.2225363452525,0,1,0,1,0,"E1 Q1","UG",NA,"E1","Control"
"30","Q1",2011,46,0.25,0,1,3.667038,1,0,"E1 Q1","UG",NA,"E1","Control"
"31","Q1",2011,51,0.25,0,1,6.87073000000001,0,0,"E1 Q1","UG",NA,"E1","Control"
"32","Q1",2011,48,0.25,0,1,1.228305,1,0,"E1 Q1","UG",NA,"E1","Control"
"33","Q1",2011,53,0.25,0,1,16.255782,0,0,"E1 Q1","UG",NA,"E1","Control"
"34","Q1",2011,44,1.07707423416999,0,1,14.574002,0,0,"E1 Q1","UG",NA,"E1","Control"
"35","Q1",2011,52,0.25,0,1,13.093775,0,0,"E1 Q1","UG",NA,"E1","Control"
"36","Q1",2011,47,0.25,0,1,7.439759,0,0,"E1 Q1","UG",NA,"E1","Control"
"37","Q1",2011,45,3.542849189865,0,1,0.00312300000000221,1,0,"E1 Q1","UG",NA,"E1","Control"
"38","Q1",2011,49,0.25,0,1,15.191261,0,0,"E1 Q1","UG",NA,"E1","Control"
"39","Q1",2011,54,0.25,0,1,3.187389,1,1,"E1 Q1","UG",NA,"E1","Control"
"40","Q1",2011,50,0.25,0,1,8.815432,0,0,"E1 Q1","UG",NA,"E1","Control"
"41","Q1",2012,57,0.25,0,1,4.65083200000001,0,0,"E1 Q1","UG",NA,"E1","Control"
"42","Q1",2012,56,0.25,0,1,3.309605,1,0,"E1 Q1","UG",NA,"E1","Control"
"43","Q1",2012,55,7.950470587317,0,1,0,1,0,"E1 Q1","UG",NA,"E1","Control"
"44","Q1",2013,61,8.91683679777451,0,1,17.313952,0,0,"E1 Q1","UG",NA,"E1","Control"
"45","Q1",2013,67,0.25,0,1,20.832143,0,0,"E1 Q1","UG",NA,"E1","Control"
"46","Q1",2013,60,4.7690633644255,1,1,15.550022,0,0,"E1 Q1","UG",NA,"E1","Control"
"47","Q1",2013,59,8.897151219006,1,1,4.239062,0,0,"E1 Q1","UG",NA,"E1","Control"
"48","Q1",2013,64,0.25,1,1,2.798435,1,0,"E1 Q1","UG",NA,"E1","Control"
"49","Q1",2013,65,0.25,0,1,16.204054,0,0,"E1 Q1","UG",NA,"E1","Control"
"50","Q1",2013,58,20.1285261316195,1,1,3.180727,0,0,"E1 Q1","UG",NA,"E1","Control"
"51","Q1",2013,66,0.25,0,1,17.262389,0,0,"E1 Q1","UG",NA,"E1","Control"
"52","Q1",2013,63,0.25,0,1,11.066681,0,0,"E1 Q1","UG",NA,"E1","Control"
"53","Q1",2013,62,0.25,0,1,5.243707,0,0,"E1 Q1","UG",NA,"E1","Control"
"54","Q1",2014,71,0.25,0,1,6.963045,0,0,"E1 Q1","UG",NA,"E1","Control"
"55","Q1",2014,69,1.15644293691199,0,1,15.231819,0,0,"E1 Q1","UG",NA,"E1","Control"
"56","Q1",2014,68,4.559871331208,0,1,0.637454000000005,1,0,"E1 Q1","UG",NA,"E1","Control"
"57","Q1",2014,70,0.25,0,1,8.481927,0,0,"E1 Q1","UG",NA,"E1","Control"
"58","Q1",2014,74,0.25,0,1,21.599547,0,0,"E1 Q1","UG",NA,"E1","Control"
"59","Q1",2014,79,0.25,0,1,34.327336,0,0,"E1 Q1","UG",NA,"E1","Control"
"60","Q1",2014,78,0.25,0,1,0.606355999999991,1,0,"E1 Q1","UG",NA,"E1","Control"
"61","Q1",2014,73,0.25,0,1,18.607809,0,0,"E1 Q1","UG",NA,"E1","Control"
"62","Q1",2014,76,0.25,0,1,2.452424,1,0,"E1 Q1","UG",NA,"E1","Control"
"63","Q1",2014,72,0.25,0,1,4.937868,0,0,"E1 Q1","UG",NA,"E1","Control"
"64","Q1",2014,77,0.25,0,1,4.84081499999999,0,0,"E1 Q1","UG",NA,"E1","Control"
"65","Q1",2014,75,0.25,0,1,0.749435,1,0,"E1 Q1","UG",NA,"E1","Control"
"66","Q1",2015,83,0.6416369533075,0,1,2.558618,1,0,"E1 Q1","UG",NA,"E1","Control"
"67","Q1",2015,81,2.80237179701501,0,1,17.170262,0,0,"E1 Q1","UG",NA,"E1","Control"
"68","Q1",2015,80,11.867968236804,0,1,9.04258999999999,0,0,"E1 Q1","UG",NA,"E1","Control"
"69","Q1",2015,82,0.17956149,0,1,3.147318,1,0,"E1 Q1","UG",NA,"E1","Control"
"70","Q1",2015,88,0.1854005,0,1,0,1,0,"E1 Q1","UG",NA,"E1","Control"
"71","Q1",2015,85,1.742065230945,0,1,16.579468,0,0,"E1 Q1","UG",NA,"E1","Control"
"72","Q1",2015,87,0.25,0,1,11.509544,0,0,"E1 Q1","UG",NA,"E1","Control"
"73","Q1",2015,84,1.479897724242,0,1,0.173417,1,0,"E1 Q1","UG",NA,"E1","Control"
"74","Q1",2015,86,0.25,0,1,11.90145,0,0,"E1 Q1","UG",NA,"E1","Control"
"75","Q19",2007,22,0.25,0,1,17.657489,0,0,"P7 E1 Q1","UG",NA,"P7E1","Control"
"76","Q19",2007,21,0.25,1,1,19.265474,0,0,"P7 E1 Q1","UG",NA,"P7E1","Control"
"77","Q19",2007,18,0.25,0,1,4.489942,1,1,"P7 E1 Q1","UG",NA,"P7E1","Control"
"78","Q19",2007,19,0.25,0,1,6.536468,0,1,"P7 E1 Q1","UG",NA,"P7E1","Control"
"79","Q19",2007,17,1.1165160791865,1,1,45.412358,0,0,"P7 E1 Q1","UG",NA,"P7E1","Control"
"80","Q19",2007,20,0.25,0,1,15.999543,0,1,"P7 E1 Q1","UG",NA,"P7E1","Control"
"81","Q19",2008,26,0.25,0,1,38.379806,0,0,"P7 E1 Q1","UG",NA,"P7E1","Control"
"82","Q19",2008,27,0.25,0,1,14.211914,0,0,"P7 E1 Q1","UG",NA,"P7E1","Control"
"83","Q19",2008,23,1.9590787714205,0,1,11.199026,0,0,"P7 E1 Q1","UG",NA,"P7E1","Control"
"84","Q19",2008,25,0.25,0,1,18.272744,0,0,"P7 E1 Q1","UG",NA,"P7E1","Control"
"85","Q19",2008,24,0.25,0,1,11.430757,0,0,"P7 E1 Q1","UG",NA,"P7E1","Control"
"86","Q19",2009,29,1.65413970626451,0,1,26.636688,0,0,"P7 E1 Q1","UG",NA,"P7E1","Control"
"87","Q19",2009,30,0.25,0,1,4.1285,1,0,"P7 E1 Q1","UG",NA,"P7E1","Control"
"88","Q19",2009,28,6.83118518600149,1,1,3.854733,0,0,"P7 E1 Q1","UG",NA,"P7E1","Control"
"89","Q19",2009,35,0.25,0,1,27.637661,0,0,"P7 E1 Q1","UG",NA,"P7E1","Control"
"90","Q19",2009,34,0.25,0,1,43.318618,0,0,"P7 E1 Q1","UG",NA,"P7E1","Control"
"91","Q19",2009,33,0.25,0,1,8.045677,0,0,"P7 E1 Q1","UG",NA,"P7E1","Control"
"92","Q19",2009,38,0.25,0,1,13.807444,0,0,"P7 E1 Q1","UG",NA,"P7E1","Control"
"93","Q19",2009,36,0.25,0,1,18.244293,0,0,"P7 E1 Q1","UG",NA,"P7E1","Control"
"94","Q19",2009,32,0.25,0,1,9.82041599999999,0,0,"P7 E1 Q1","UG",NA,"P7E1","Control"
"95","Q19",2009,31,0.25,0,1,9.37877,0,0,"P7 E1 Q1","UG",NA,"P7E1","Control"
"96","Q19",2009,37,0.25,0,1,16.025868,0,0,"P7 E1 Q1","UG",NA,"P7E1","Control"
"97","Q19",2010,41,0.25,1,1,15.354645,0,0,"P7 E1 Q1","UG",NA,"P7E1","Control"
"98","Q19",2010,40,0.25,1,1,16.518814,0,0,"P7 E1 Q1","UG",NA,"P7E1","Control"
"99","Q19",2010,39,0.25,0,1,12.866462,0,0,"P7 E1 Q1","UG",NA,"P7E1","Control"
"100","Q19",2011,42,0.7287478248195,0,1,13.767663,0,0,"P7 E1 Q1","UG",NA,"P7E1","Control"
"101","Q19",2011,51,0.25,0,1,4.330523,1,0,"P7 E1 Q1","UG",NA,"P7E1","Control"
"102","Q19",2011,50,0.25,0,1,13.360147,0,0,"P7 E1 Q1","UG",NA,"P7E1","Control"
"103","Q19",2011,55,0.25,0,1,1.055763,1,0,"P7 E1 Q1","UG",NA,"P7E1","Control"
"104","Q19",2011,52,0.25,0,1,3.642605,1,0,"P7 E1 Q1","UG",NA,"P7E1","Control"
"105","Q19",2011,43,0.83445624285351,0,1,16.096,0,0,"P7 E1 Q1","UG",NA,"P7E1","Control"
"106","Q19",2011,54,0.25,0,1,7.299942,0,0,"P7 E1 Q1","UG",NA,"P7E1","Control"
"107","Q19",2011,46,0.25,0,1,10.126144,0,0,"P7 E1 Q1","UG",NA,"P7E1","Control"
"108","Q19",2011,53,0.25,0,1,17.380587,0,0,"P7 E1 Q1","UG",NA,"P7E1","Control"
"109","Q19",2011,45,5.92064011540447,1,1,0.882428000000004,1,0,"P7 E1 Q1","UG",NA,"P7E1","Control"
"110","Q19",2011,49,0.25,0,1,40.022886,0,0,"P7 E1 Q1","UG",NA,"P7E1","Control"
"111","Q19",2011,44,1.69831175538951,0,1,9.694305,0,0,"P7 E1 Q1","UG",NA,"P7E1","Control"
"112","Q19",2011,47,0.25,0,1,7.936177,0,0,"P7 E1 Q1","UG",NA,"P7E1","Control"
"113","Q19",2011,48,0.25,0,1,8.881366,0,0,"P7 E1 Q1","UG",NA,"P7E1","Control"
"114","Q19",2012,59,0.25,0,1,15.496357,0,0,"P7 E1 Q1","UG",NA,"P7E1","Control"
"115","Q19",2012,56,3.7746505598445,1,1,15.491164,0,0,"P7 E1 Q1","UG",NA,"P7E1","Control"
"116","Q19",2012,57,0.25,0,1,26.00686,0,0,"P7 E1 Q1","UG",NA,"P7E1","Control"
"117","Q19",2012,58,0.25,0,1,9.390993,0,0,"P7 E1 Q1","UG",NA,"P7E1","Control"
"118","Q19",2013,63,0.25,0,1,45.924014,0,0,"P7 E1 Q1","UG",NA,"P7E1","Control"
"119","Q19",2013,60,6.05344327647599,0,1,16.631968,0,0,"P7 E1 Q1","UG",NA,"P7E1","Control"
"120","Q19",2013,61,1.41680629492898,0,1,9.79261700000001,0,0,"P7 E1 Q1","UG",NA,"P7E1","Control"
"121","Q19",2013,62,0.25,0,1,43.079738,0,0,"P7 E1 Q1","UG",NA,"P7E1","Control"
"122","Q19",2014,65,2.79604827766252,1,1,10.456418,0,0,"P7 E1 Q1","UG",NA,"P7E1","Control"
"123","Q19",2014,64,0.1494660091905,0,1,0,1,0,"P7 E1 Q1","UG",NA,"P7E1","Control"
"124","Q19",2014,67,0.25,1,1,8.106539,0,0,"P7 E1 Q1","UG",NA,"P7E1","Control"
"125","Q19",2014,69,0.25,0,1,31.459359,0,0,"P7 E1 Q1","UG",NA,"P7E1","Control"
"126","Q19",2014,68,0.25,0,1,8.712474,0,0,"P7 E1 Q1","UG",NA,"P7E1","Control"
"127","Q19",2014,71,0.25,0,1,7.949057,0,0,"P7 E1 Q1","UG",NA,"P7E1","Control"
"128","Q19",2014,70,0.25,0,1,27.750585,0,0,"P7 E1 Q1","UG",NA,"P7E1","Control"
"129","Q19",2014,72,0.25,1,1,3.700596,1,0,"P7 E1 Q1","UG",NA,"P7E1","Control"
"130","Q19",2014,66,0.25,0,1,9.2718,0,0,"P7 E1 Q1","UG",NA,"P7E1","Control"
"131","Q19",2015,75,0.6509111503535,0,1,4.145226,0,0,"P7 E1 Q1","UG",NA,"P7E1","Control"
"132","Q19",2015,93,0.25,0,1,29.316084,0,0,"P7 E1 Q1","UG",NA,"P7E1","Control"
"133","Q19",2015,92,0.25,0,1,24.236074,0,0,"P7 E1 Q1","UG",NA,"P7E1","Control"
"134","Q19",2015,83,0.25,0,1,24.027261,0,0,"P7 E1 Q1","UG",NA,"P7E1","Control"
"135","Q19",2015,81,0.25,0,1,38.557916,0,0,"P7 E1 Q1","UG",NA,"P7E1","Control"
"136","Q19",2015,86,0.25,0,1,5.704828,0,0,"P7 E1 Q1","UG",NA,"P7E1","Control"
"137","Q19",2015,77,0.475681357502,0,1,5.161077,0,0,"P7 E1 Q1","UG",NA,"P7E1","Control"
"138","Q19",2015,73,1.07413384761799,0,1,24.88295,0,0,"P7 E1 Q1","UG",NA,"P7E1","Control"
"139","Q19",2015,91,0.25,0,1,6.64124699999999,0,0,"P7 E1 Q1","UG",NA,"P7E1","Control"
"140","Q19",2015,74,2.92496807532399,0,1,7.558357,0,0,"P7 E1 Q1","UG",NA,"P7E1","Control"
"141","Q19",2015,82,0.25,0,1,3.350032,1,0,"P7 E1 Q1","UG",NA,"P7E1","Control"
"142","Q19",2015,76,8.15006978608051,0,1,26.151989,0,0,"P7 E1 Q1","UG",NA,"P7E1","Control"
"143","Q19",2015,88,0.25,0,1,1.394839,1,0,"P7 E1 Q1","UG",NA,"P7E1","Control"
"144","Q19",2015,85,0.25,0,1,20.772879,0,0,"P7 E1 Q1","UG",NA,"P7E1","Control"
"145","Q19",2015,80,0.25,0,1,1.24659,1,0,"P7 E1 Q1","UG",NA,"P7E1","Control"
"146","Q19",2015,79,0.25,0,1,28.604271,0,0,"P7 E1 Q1","UG",NA,"P7E1","Control"
"147","Q19",2015,87,0.25,0,1,25.64395,0,0,"P7 E1 Q1","UG",NA,"P7E1","Control"
"148","Q19",2015,90,0.25,0,1,16.886225,0,0,"P7 E1 Q1","UG",NA,"P7E1","Control"
"149","Q19",2015,84,0.25,0,1,25.456014,0,0,"P7 E1 Q1","UG",NA,"P7E1","Control"
"150","Q19",2015,89,0.25,0,1,5.04609600000001,0,0,"P7 E1 Q1","UG",NA,"P7E1","Control"
"151","Q19",2015,78,0.52176335686101,0,1,0,1,0,"P7 E1 Q1","UG",NA,"P7E1","Control"
"152","Q2",2008,1,0.249999999999999,0,1,0.291893000000002,1,0,"E1 Q2","UG",NA,"E1","Control"
"153","Q2",2008,2,0.249999999999999,0,1,0.120908,1,0,"E1 Q2","UG",NA,"E1","Control"
"154","Q20",2007,50,0.25,0,1,11.275014,0,0,"P7 E1 Q2","UG",NA,"P7E1","Control"
"155","Q20",2007,53,0.24999999999999,0,1,34.782726,0,0,"P7 E1 Q2","UG",NA,"P7E1","Control"
"156","Q20",2007,62,0.25,0,1,11.09727,0,1,"P7 E1 Q2","UG",NA,"P7E1","Control"
"157","Q20",2007,60,0.25,0,1,14.831059,0,0,"P7 E1 Q2","UG",NA,"P7E1","Control"
"158","Q20",2007,49,0.25,0,1,7.689907,0,1,"P7 E1 Q2","UG",NA,"P7E1","Control"
"159","Q20",2007,51,0.25,0,1,21.35397,0,0,"P7 E1 Q2","UG",NA,"P7E1","Control"
"160","Q20",2007,48,3.39475907752001,1,1,1.548099,1,0,"P7 E1 Q2","UG",NA,"P7E1","Control"
"161","Q20",2007,52,0.25,0,1,34.222867,0,0,"P7 E1 Q2","UG",NA,"P7E1","Control"
"162","Q20",2007,55,0.25,0,1,31.423246,0,0,"P7 E1 Q2","UG",NA,"P7E1","Control"
"163","Q20",2007,64,0.0552865,0,1,0,1,0,"P7 E1 Q2","UG",NA,"P7E1","Control"
"164","Q20",2007,63,0.25,0,1,8.527782,0,0,"P7 E1 Q2","UG",NA,"P7E1","Control"
"165","Q20",2007,61,0.25,0,1,12.080161,0,0,"P7 E1 Q2","UG",NA,"P7E1","Control"
"166","Q20",2007,59,0.25,0,1,15.900206,0,0,"P7 E1 Q2","UG",NA,"P7E1","Control"
"167","Q20",2007,58,0.25,1,1,25.469874,0,0,"P7 E1 Q2","UG",NA,"P7E1","Control"
"168","Q20",2007,46,1.45711738725101,1,1,5.664744,0,0,"P7 E1 Q2","UG",NA,"P7E1","Control"
"169","Q20",2007,56,0.25,0,1,5.67759,0,0,"P7 E1 Q2","UG",NA,"P7E1","Control"
"170","Q20",2007,47,2.89873624473999,0,1,0,1,0,"P7 E1 Q2","UG",NA,"P7E1","Control"
"171","Q20",2007,54,0.25,0,1,40.448411,0,1,"P7 E1 Q2","UG",NA,"P7E1","Control"
"172","Q20",2007,45,2.08659272782501,1,1,1.440353,1,0,"P7 E1 Q2","UG",NA,"P7E1","Control"
"173","Q20",2007,41,1.8644617927955,0,1,2.52092,1,0,"P7 E1 Q2","UG",NA,"P7E1","Control"
"174","Q20",2007,57,0.25,0,1,5.31378,0,0,"P7 E1 Q2","UG",NA,"P7E1","Control"
"175","Q20",2007,44,2.627992336806,0,1,22.152587,0,0,"P7 E1 Q2","UG",NA,"P7E1","Control"
"176","Q20",2007,42,1.719494975609,1,1,0,1,0,"P7 E1 Q2","UG",NA,"P7E1","Control"
"177","Q20",2007,43,15.8294804266235,1,1,6.287244,0,0,"P7 E1 Q2","UG",NA,"P7E1","Control"
"178","Q20",2008,68,0.24999999999999,0,1,5.51029200000001,0,0,"P7 E1 Q2","UG",NA,"P7E1","Control"
"179","Q20",2008,76,0.25,0,1,17.335383,0,0,"P7 E1 Q2","UG",NA,"P7E1","Control"
"180","Q20",2008,80,0.25,0,1,36.719711,0,0,"P7 E1 Q2","UG",NA,"P7E1","Control"
"181","Q20",2008,70,0.25,0,1,7.184208,0,0,"P7 E1 Q2","UG",NA,"P7E1","Control"
"182","Q20",2008,82,0.25,0,1,27.677785,0,0,"P7 E1 Q2","UG",NA,"P7E1","Control"
"183","Q20",2008,67,4.3692550916665,1,1,40.44498,0,0,"P7 E1 Q2","UG",NA,"P7E1","Control"
"184","Q20",2008,77,0.25,0,1,17.335383,0,0,"P7 E1 Q2","UG",NA,"P7E1","Control"
"185","Q20",2008,72,0.25,0,1,8.05275800000001,0,0,"P7 E1 Q2","UG",NA,"P7E1","Control"
"186","Q20",2008,69,0.25,0,1,0.249521,1,0,"P7 E1 Q2","UG",NA,"P7E1","Control"
"187","Q20",2008,78,0.24999999999999,0,1,19.723895,0,0,"P7 E1 Q2","UG",NA,"P7E1","Control"
"188","Q20",2008,81,0.25,0,1,7.840432,0,0,"P7 E1 Q2","UG",NA,"P7E1","Control"
"189","Q20",2008,79,0.25,0,1,45.400396,0,0,"P7 E1 Q2","UG",NA,"P7E1","Control"
"190","Q20",2008,75,0.25,0,1,22.989855,0,0,"P7 E1 Q2","UG",NA,"P7E1","Control"
"191","Q20",2008,66,0.79854357907101,1,1,15.886269,0,0,"P7 E1 Q2","UG",NA,"P7E1","Control"
"192","Q20",2008,71,0.25,0,1,9.310197,0,0,"P7 E1 Q2","UG",NA,"P7E1","Control"
"193","Q20",2008,65,2.117323786444,0,1,17.596079,0,0,"P7 E1 Q2","UG",NA,"P7E1","Control"
"194","Q20",2008,74,0.25,0,1,22.338443,0,0,"P7 E1 Q2","UG",NA,"P7E1","Control"
"195","Q20",2008,73,0.25,0,1,16.584301,0,0,"P7 E1 Q2","UG",NA,"P7E1","Control"
"196","Q20",2009,109,0.25,0,1,6.277071,0,0,"P7 E1 Q2","UG",NA,"P7E1","Control"
"197","Q20",2009,87,0.25,0,1,5.72613699999999,0,0,"P7 E1 Q2","UG",NA,"P7E1","Control"
"198","Q20",2009,95,0.25000000000001,0,1,27.618518,0,0,"P7 E1 Q2","UG",NA,"P7E1","Control"
"199","Q20",2009,99,0.25,0,1,44.825118,0,0,"P7 E1 Q2","UG",NA,"P7E1","Control"
"200","Q20",2009,91,0.25,0,1,8.72844900000001,0,0,"P7 E1 Q2","UG",NA,"P7E1","Control"
"201","Q20",2009,108,0.25,0,1,7.877179,0,0,"P7 E1 Q2","UG",NA,"P7E1","Control"
"202","Q20",2009,94,0.25,0,1,24.272838,0,0,"P7 E1 Q2","UG",NA,"P7E1","Control"
"203","Q20",2009,83,2.4122256208505,1,1,12.854769,0,0,"P7 E1 Q2","UG",NA,"P7E1","Control"
"204","Q20",2009,98,0.25,0,1,38.766833,0,0,"P7 E1 Q2","UG",NA,"P7E1","Control"
"205","Q20",2009,93,0.25,0,1,2.692902,1,0,"P7 E1 Q2","UG",NA,"P7E1","Control"
"206","Q20",2009,90,0.25,0,1,10.380995,0,0,"P7 E1 Q2","UG",NA,"P7E1","Control"
"207","Q20",2009,88,0.25,0,1,7.326244,0,0,"P7 E1 Q2","UG",NA,"P7E1","Control"
"208","Q20",2009,110,0.25,0,1,5.986142,0,0,"P7 E1 Q2","UG",NA,"P7E1","Control"
"209","Q20",2009,97,0.25,0,1,19.129148,0,0,"P7 E1 Q2","UG",NA,"P7E1","Control"
"210","Q20",2009,111,0.25,0,1,3.367784,1,0,"P7 E1 Q2","UG",NA,"P7E1","Control"
"211","Q20",2009,112,0.25,0,1,0.385765,1,0,"P7 E1 Q2","UG",NA,"P7E1","Control"
"212","Q20",2009,84,11.4712911855145,1,1,14.507316,0,0,"P7 E1 Q2","UG",NA,"P7E1","Control"
"213","Q20",2009,92,0.25,0,1,13.363014,0,0,"P7 E1 Q2","UG",NA,"P7E1","Control"
"214","Q20",2009,100,0.25,0,1,36.897312,0,0,"P7 E1 Q2","UG",NA,"P7E1","Control"
"215","Q20",2009,105,0.25,1,1,17.457531,0,0,"P7 E1 Q2","UG",NA,"P7E1","Control"
"216","Q20",2009,106,0.25,0,1,14.059412,0,0,"P7 E1 Q2","UG",NA,"P7E1","Control"
"217","Q20",2009,103,0.25,0,1,29.551363,0,0,"P7 E1 Q2","UG",NA,"P7E1","Control"
"218","Q20",2009,107,0.25,1,1,13.768484,0,0,"P7 E1 Q2","UG",NA,"P7E1","Control"
"219","Q20",2009,101,0.25,0,1,20.80321,0,0,"P7 E1 Q2","UG",NA,"P7E1","Control"
"220","Q20",2009,89,0.25,0,1,7.471709,0,0,"P7 E1 Q2","UG",NA,"P7E1","Control"
"221","Q20",2009,96,0.25,0,1,22.256631,0,0,"P7 E1 Q2","UG",NA,"P7E1","Control"
"222","Q20",2009,102,0.25,0,1,33.624365,0,0,"P7 E1 Q2","UG",NA,"P7E1","Control"
"223","Q20",2009,104,0.25,0,1,25.696559,0,0,"P7 E1 Q2","UG",NA,"P7E1","Control"
"224","Q20",2009,86,1.16908289454601,1,1,23.255469,0,0,"P7 E1 Q2","UG",NA,"P7E1","Control"
"225","Q20",2009,85,5.25029179226503,0,1,8.594494,0,0,"P7 E1 Q2","UG",NA,"P7E1","Control"
"226","Q20",2010,118,0.25,0,1,4.214818,1,0,"P7 E1 Q2","UG",NA,"P7E1","Control"
"227","Q20",2010,121,0.25,0,1,22.232979,0,0,"P7 E1 Q2","UG",NA,"P7E1","Control"
"228","Q20",2010,131,0.25,0,1,16.258821,0,1,"P7 E1 Q2","UG",NA,"P7E1","Control"
"229","Q20",2010,117,0.84845593792,1,1,11.562878,0,0,"P7 E1 Q2","UG",NA,"P7E1","Control"
"230","Q20",2010,120,0.25,0,1,19.732662,0,0,"P7 E1 Q2","UG",NA,"P7E1","Control"
"231","Q20",2010,113,2.21844698462798,0,1,45.13857,0,0,"P7 E1 Q2","UG",NA,"P7E1","Control"
"232","Q20",2010,119,0.25,0,1,18.184846,0,0,"P7 E1 Q2","UG",NA,"P7E1","Control"
"233","Q20",2010,114,1.5029988522625,0,1,36.756102,0,0,"P7 E1 Q2","UG",NA,"P7E1","Control"
"234","Q20",2010,130,0.25,0,1,23.3316,0,0,"P7 E1 Q2","UG",NA,"P7E1","Control"
"235","Q20",2010,122,0.25,0,1,43.823023,0,0,"P7 E1 Q2","UG",NA,"P7E1","Control"
"236","Q20",2010,132,0.25000000000001,0,1,4.03504700000001,1,0,"P7 E1 Q2","UG",NA,"P7E1","Control"
"237","Q20",2010,127,0.25,0,1,17.330386,0,0,"P7 E1 Q2","UG",NA,"P7E1","Control"
"238","Q20",2010,128,0.25,0,1,25.823528,0,0,"P7 E1 Q2","UG",NA,"P7E1","Control"
"239","Q20",2010,115,1.756415428375,0,1,29.143878,0,0,"P7 E1 Q2","UG",NA,"P7E1","Control"
"240","Q20",2010,129,0.25,0,1,13.123503,0,0,"P7 E1 Q2","UG",NA,"P7E1","Control"
"241","Q20",2010,116,1.1697773943795,0,1,19.93636,0,0,"P7 E1 Q2","UG",NA,"P7E1","Control"
"242","Q20",2010,126,0.25,0,1,20.306955,0,0,"P7 E1 Q2","UG",NA,"P7E1","Control"
"243","Q20",2010,124,0.25,0,1,16.417572,0,0,"P7 E1 Q2","UG",NA,"P7E1","Control"
"244","Q20",2010,123,0.25,0,1,33.314203,0,0,"P7 E1 Q2","UG",NA,"P7E1","Control"
"245","Q20",2010,125,0.25,0,1,40.309495,0,0,"P7 E1 Q2","UG",NA,"P7E1","Control"
"246","Q20",2011,159,0.25,0,1,8.662217,0,0,"P7 E1 Q2","UG",NA,"P7E1","Control"
"247","Q20",2011,148,0.25,0,1,29.887364,0,0,"P7 E1 Q2","UG",NA,"P7E1","Control"
"248","Q20",2011,172,0.25,0,1,3.069796,1,0,"P7 E1 Q2","UG",NA,"P7E1","Control"
"249","Q20",2011,150,0.25,0,1,38.089463,0,0,"P7 E1 Q2","UG",NA,"P7E1","Control"
"250","Q20",2011,156,0.25,0,1,38.648617,0,0,"P7 E1 Q2","UG",NA,"P7E1","Control"
"251","Q20",2011,170,0.25,1,1,13.157055,0,0,"P7 E1 Q2","UG",NA,"P7E1","Control"
"252","Q20",2011,152,0.25,0,1,33.367735,0,0,"P7 E1 Q2","UG",NA,"P7E1","Control"
"253","Q20",2011,149,0.25,0,1,30.052729,0,0,"P7 E1 Q2","UG",NA,"P7E1","Control"
"254","Q20",2011,133,0.64385168261849,0,1,3.497076,1,0,"P7 E1 Q2","UG",NA,"P7E1","Control"
"255","Q20",2011,173,0.25,1,1,1.34999999999999,1,0,"P7 E1 Q2","UG",NA,"P7E1","Control"
"256","Q20",2011,158,0.25,0,1,9.522115,0,0,"P7 E1 Q2","UG",NA,"P7E1","Control"
"257","Q20",2011,157,0.25,0,1,39.38393,0,0,"P7 E1 Q2","UG",NA,"P7E1","Control"
"258","Q20",2011,160,0.25,0,1,22.674366,0,0,"P7 E1 Q2","UG",NA,"P7E1","Control"
"259","Q20",2011,143,0.25,0,1,16.228221,0,0,"P7 E1 Q2","UG",NA,"P7E1","Control"
"260","Q20",2011,134,6.9172855858085,1,1,0,1,0,"P7 E1 Q2","UG",NA,"P7E1","Control"
"261","Q20",2011,135,1.96559865359,1,1,2.115718,1,0,"P7 E1 Q2","UG",NA,"P7E1","Control"
"262","Q20",2011,153,0.25,0,1,45.240936,0,0,"P7 E1 Q2","UG",NA,"P7E1","Control"
"263","Q20",2011,161,0.25,0,1,25.71708,0,0,"P7 E1 Q2","UG",NA,"P7E1","Control"
"264","Q20",2011,144,0.25,0,1,27.836838,0,0,"P7 E1 Q2","UG",NA,"P7E1","Control"
"265","Q20",2011,142,0.25,0,1,11.928734,0,0,"P7 E1 Q2","UG",NA,"P7E1","Control"
"266","Q20",2011,171,0.25,0,1,11.470333,0,0,"P7 E1 Q2","UG",NA,"P7E1","Control"
"267","Q20",2011,147,0.25,0,1,16.588937,0,0,"P7 E1 Q2","UG",NA,"P7E1","Control"
"268","Q20",2011,168,0.25,0,1,16.795083,0,0,"P7 E1 Q2","UG",NA,"P7E1","Control"
"269","Q20",2011,169,0.25,0,1,14.942997,0,0,"P7 E1 Q2","UG",NA,"P7E1","Control"
"270","Q20",2011,151,0.25,0,1,9.224458,0,0,"P7 E1 Q2","UG",NA,"P7E1","Control"
"271","Q20",2011,146,0.25,0,1,28.762882,0,0,"P7 E1 Q2","UG",NA,"P7E1","Control"
"272","Q20",2011,145,0.25,0,1,4.252714,1,0,"P7 E1 Q2","UG",NA,"P7E1","Control"
"273","Q20",2011,154,0.25,0,1,30.027364,0,0,"P7 E1 Q2","UG",NA,"P7E1","Control"
"274","Q20",2011,141,0.25,0,1,6.835494,0,0,"P7 E1 Q2","UG",NA,"P7E1","Control"
"275","Q20",2011,165,0.25,0,1,6.402458,0,0,"P7 E1 Q2","UG",NA,"P7E1","Control"
"276","Q20",2011,138,0.25,0,1,2.701371,1,0,"P7 E1 Q2","UG",NA,"P7E1","Control"
"277","Q20",2011,140,0.25,0,1,5.049554,0,0,"P7 E1 Q2","UG",NA,"P7E1","Control"
"278","Q20",2011,155,0.24999999999999,0,1,38.262536,0,0,"P7 E1 Q2","UG",NA,"P7E1","Control"
"279","Q20",2011,163,0.25,0,1,8.02303500000001,0,0,"P7 E1 Q2","UG",NA,"P7E1","Control"
"280","Q20",2011,136,0.355765450711,0,1,1.636161,1,0,"P7 E1 Q2","UG",NA,"P7E1","Control"
"281","Q20",2011,139,0.25,0,1,3.428977,1,0,"P7 E1 Q2","UG",NA,"P7E1","Control"
"282","Q20",2011,167,0.25,1,1,18.581025,0,0,"P7 E1 Q2","UG",NA,"P7E1","Control"
"283","Q20",2011,137,1.539281589888,1,1,35.574781,0,0,"P7 E1 Q2","UG",NA,"P7E1","Control"
"284","Q20",2011,162,0.25,0,1,22.707438,0,0,"P7 E1 Q2","UG",NA,"P7E1","Control"
"285","Q20",2011,164,0.25,0,1,6.766261,0,0,"P7 E1 Q2","UG",NA,"P7E1","Control"
"286","Q20",2011,166,0.25,0,1,18.713316,0,0,"P7 E1 Q2","UG",NA,"P7E1","Control"
"287","Q20",2012,187,0.25,0,1,4.25290099999999,1,0,"P7 E1 Q2","UG",NA,"P7E1","Control"
"288","Q20",2012,188,0.25,0,1,8.398048,0,0,"P7 E1 Q2","UG",NA,"P7E1","Control"
"289","Q20",2012,189,0.25,0,1,8.309853,0,0,"P7 E1 Q2","UG",NA,"P7E1","Control"
"290","Q20",2012,176,5.4214708286525,1,1,13.602503,0,0,"P7 E1 Q2","UG",NA,"P7E1","Control"
"291","Q20",2012,177,0.25,0,1,11.991377,0,0,"P7 E1 Q2","UG",NA,"P7E1","Control"
"292","Q20",2012,191,0.25,0,1,44.696025,0,0,"P7 E1 Q2","UG",NA,"P7E1","Control"
"293","Q20",2012,175,2.45487992801801,0,1,0,1,0,"P7 E1 Q2","UG",NA,"P7E1","Control"
"294","Q20",2012,186,0.25000000000001,0,1,15.910147,0,0,"P7 E1 Q2","UG",NA,"P7E1","Control"
"295","Q20",2012,183,0.25,0,1,17.497651,0,0,"P7 E1 Q2","UG",NA,"P7E1","Control"
"296","Q20",2012,182,0.25,0,1,22.657036,0,0,"P7 E1 Q2","UG",NA,"P7E1","Control"
"297","Q20",2012,178,0.25,0,1,14.813605,0,0,"P7 E1 Q2","UG",NA,"P7E1","Control"
"298","Q20",2012,190,0.25,0,1,0.652478000000002,1,0,"P7 E1 Q2","UG",NA,"P7E1","Control"
"299","Q20",2012,174,1.20952497145702,0,1,3.283733,1,0,"P7 E1 Q2","UG",NA,"P7E1","Control"
"300","Q20",2012,179,0.25,0,1,17.834873,0,0,"P7 E1 Q2","UG",NA,"P7E1","Control"
"301","Q20",2012,181,0.25,0,1,38.267484,0,0,"P7 E1 Q2","UG",NA,"P7E1","Control"
"302","Q20",2012,180,0.25,0,1,40.853668,0,0,"P7 E1 Q2","UG",NA,"P7E1","Control"
"303","Q20",2012,184,0.25,0,1,18.555986,0,0,"P7 E1 Q2","UG",NA,"P7E1","Control"
"304","Q20",2012,185,0.25,0,1,17.100775,0,0,"P7 E1 Q2","UG",NA,"P7E1","Control"
"305","Q20",2013,192,0.25,0,1,11.673673,0,0,"P7 E1 Q2","UG",NA,"P7E1","Control"
"306","Q20",2013,193,0.25,0,1,9.133668,0,0,"P7 E1 Q2","UG",NA,"P7E1","Control"
"307","Q20",2013,194,0.25,0,1,2.010363,1,0,"P7 E1 Q2","UG",NA,"P7E1","Control"
"308","Q20",2014,199,0.25,0,1,14.31376,0,0,"P7 E1 Q2","UG",NA,"P7E1","Control"
"309","Q20",2014,197,1.833792545568,0,1,6.250259,0,0,"P7 E1 Q2","UG",NA,"P7E1","Control"
"310","Q20",2014,202,0.25,0,1,13.693429,0,0,"P7 E1 Q2","UG",NA,"P7E1","Control"
"311","Q20",2014,204,0.25,0,1,12.423426,0,0,"P7 E1 Q2","UG",NA,"P7E1","Control"
"312","Q20",2014,203,0.25,0,1,17.225624,0,0,"P7 E1 Q2","UG",NA,"P7E1","Control"
"313","Q20",2014,208,0.25,0,1,12.753762,0,0,"P7 E1 Q2","UG",NA,"P7E1","Control"
"314","Q20",2014,201,0.25,0,1,18.139248,0,0,"P7 E1 Q2","UG",NA,"P7E1","Control"
"315","Q20",2014,198,0.25,0,1,7.765309,0,0,"P7 E1 Q2","UG",NA,"P7E1","Control"
"316","Q20",2014,196,4.1291786186575,1,1,6.68020799999999,0,0,"P7 E1 Q2","UG",NA,"P7E1","Control"
"317","Q20",2014,209,0.25,0,1,10.928133,0,0,"P7 E1 Q2","UG",NA,"P7E1","Control"
"318","Q20",2014,207,0.25,0,1,12.079073,0,0,"P7 E1 Q2","UG",NA,"P7E1","Control"
"319","Q20",2014,205,0.25,0,1,9.48735600000001,0,0,"P7 E1 Q2","UG",NA,"P7E1","Control"
"320","Q20",2014,200,0.25,0,1,41.237419,0,0,"P7 E1 Q2","UG",NA,"P7E1","Control"
"321","Q20",2014,195,3.391395229733,0,1,12.324057,0,0,"P7 E1 Q2","UG",NA,"P7E1","Control"
"322","Q20",2014,206,0.25,0,1,11.166259,0,0,"P7 E1 Q2","UG",NA,"P7E1","Control"
"323","Q20",2015,221,0.25,0,1,40.32415,0,0,"P7 E1 Q2","UG",NA,"P7E1","Control"
"324","Q20",2015,217,3.94223073585699,0,1,9.732447,0,0,"P7 E1 Q2","UG",NA,"P7E1","Control"
"325","Q20",2015,212,8.2452336890135,0,1,1.45468699999999,1,0,"P7 E1 Q2","UG",NA,"P7E1","Control"
"326","Q20",2015,211,4.39935441959552,0,1,1.875332,1,0,"P7 E1 Q2","UG",NA,"P7E1","Control"
"327","Q20",2015,216,2.52156640862051,0,1,13.013288,0,0,"P7 E1 Q2","UG",NA,"P7E1","Control"
"328","Q20",2015,218,3.4820300803275,0,1,9.600156,0,0,"P7 E1 Q2","UG",NA,"P7E1","Control"
"329","Q20",2015,215,0.538159291927,0,1,14.895845,0,0,"P7 E1 Q2","UG",NA,"P7E1","Control"
"330","Q20",2015,214,0.6322295368955,0,1,19.004534,0,0,"P7 E1 Q2","UG",NA,"P7E1","Control"
"331","Q20",2015,220,0.25,0,1,5.20545,0,0,"P7 E1 Q2","UG",NA,"P7E1","Control"
"332","Q20",2015,213,1.06100780230499,0,1,19.377555,0,0,"P7 E1 Q2","UG",NA,"P7E1","Control"
"333","Q20",2015,210,5.084089741782,0,1,13.252439,0,0,"P7 E1 Q2","UG",NA,"P7E1","Control"
"334","Q20",2015,219,0.25,0,1,19.453291,0,0,"P7 E1 Q2","UG",NA,"P7E1","Control"
"335","Q21",2007,31,0.25,0,1,12.649647,0,0,"P7 E1 Q3","UG",NA,"P7E1","Control"
"336","Q21",2007,20,0.29826369549901,1,1,0,1,0,"P7 E1 Q3","UG",NA,"P7E1","Control"
"337","Q21",2007,28,0.25,0,1,19.702532,0,0,"P7 E1 Q3","UG",NA,"P7E1","Control"
"338","Q21",2007,25,0.25,0,1,12.450546,0,0,"P7 E1 Q3","UG",NA,"P7E1","Control"
"339","Q21",2007,21,7.50620145117549,1,1,25.834706,0,0,"P7 E1 Q3","UG",NA,"P7E1","Control"
"340","Q21",2007,27,0.25,0,1,37.458742,0,0,"P7 E1 Q3","UG",NA,"P7E1","Control"
"341","Q21",2007,26,0.25,0,1,17.779513,0,0,"P7 E1 Q3","UG",NA,"P7E1","Control"
"342","Q21",2007,30,0.25,0,1,21.957703,0,0,"P7 E1 Q3","UG",NA,"P7E1","Control"
"343","Q21",2007,29,0.25,0,1,3.91095700000001,1,0,"P7 E1 Q3","UG",NA,"P7E1","Control"
"344","Q21",2007,24,1.73605713269751,0,1,18.006149,0,0,"P7 E1 Q3","UG",NA,"P7E1","Control"
"345","Q21",2007,23,1.2960994143955,0,1,20.531069,0,0,"P7 E1 Q3","UG",NA,"P7E1","Control"
"346","Q21",2007,22,9.0378605997265,1,1,23.905468,0,0,"P7 E1 Q3","UG",NA,"P7E1","Control"
"347","Q21",2008,48,0.25,0,1,6.673094,0,0,"P7 E1 Q3","UG",NA,"P7E1","Control"
"348","Q21",2008,34,1.190152301049,0,1,10.257549,0,0,"P7 E1 Q3","UG",NA,"P7E1","Control"
"349","Q21",2008,33,8.12466840450951,0,1,36.834912,0,0,"P7 E1 Q3","UG",NA,"P7E1","Control"
"350","Q21",2008,41,0.25,0,1,4.8621,0,0,"P7 E1 Q3","UG",NA,"P7E1","Control"
"351","Q21",2008,45,0.25,0,1,10.653577,0,0,"P7 E1 Q3","UG",NA,"P7E1","Control"
"352","Q21",2008,32,2.232161468701,0,1,29.921013,0,0,"P7 E1 Q3","UG",NA,"P7E1","Control"
"353","Q21",2008,42,0.25,0,1,23.718542,0,0,"P7 E1 Q3","UG",NA,"P7E1","Control"
"354","Q21",2008,40,0.25,0,1,4.54889800000001,0,0,"P7 E1 Q3","UG",NA,"P7E1","Control"
"355","Q21",2008,44,0.25,0,1,18.349378,0,0,"P7 E1 Q3","UG",NA,"P7E1","Control"
"356","Q21",2008,49,0.2084475,0,1,0,1,0,"P7 E1 Q3","UG",NA,"P7E1","Control"
"357","Q21",2008,46,0.25,0,1,4.550546,0,0,"P7 E1 Q3","UG",NA,"P7E1","Control"
"358","Q21",2008,47,0.25,0,1,15.442728,0,0,"P7 E1 Q3","UG",NA,"P7E1","Control"
"359","Q21",2008,36,1.586536757327,0,1,2.60648999999999,1,0,"P7 E1 Q3","UG",NA,"P7E1","Control"
"360","Q21",2008,35,2.8047172128495,1,1,1.353684,1,0,"P7 E1 Q3","UG",NA,"P7E1","Control"
"361","Q21",2008,39,1.4894435748395,0,1,19.158666,0,0,"P7 E1 Q3","UG",NA,"P7E1","Control"
"362","Q21",2008,38,0.6026590390055,0,1,0,1,0,"P7 E1 Q3","UG",NA,"P7E1","Control"
"363","Q21",2008,43,0.25,0,1,25.955695,0,0,"P7 E1 Q3","UG",NA,"P7E1","Control"
"364","Q21",2008,37,2.76767743785852,0,1,3.904038,0,0,"P7 E1 Q3","UG",NA,"P7E1","Control"
"365","Q21",2009,59,0.25,0,1,3.175517,1,0,"P7 E1 Q3","UG",NA,"P7E1","Control"
"366","Q21",2009,50,0.4922110768805,0,1,3.970639,1,0,"P7 E1 Q3","UG",NA,"P7E1","Control"
"367","Q21",2009,51,0.809525055780501,0,1,1.567181,1,0,"P7 E1 Q3","UG",NA,"P7E1","Control"
"368","Q21",2009,52,0.956939083489502,0,1,13.160334,0,0,"P7 E1 Q3","UG",NA,"P7E1","Control"
"369","Q21",2009,60,0.25,0,1,32.653229,0,0,"P7 E1 Q3","UG",NA,"P7E1","Control"
"370","Q21",2009,72,0.250000000000001,0,1,8.858204,0,0,"P7 E1 Q3","UG",NA,"P7E1","Control"
"371","Q21",2009,58,0.25,0,1,3.034137,1,0,"P7 E1 Q3","UG",NA,"P7E1","Control"
"372","Q21",2009,70,0.25,0,1,13.829304,0,0,"P7 E1 Q3","UG",NA,"P7E1","Control"
"373","Q21",2009,53,0.329806704495002,0,1,7.831097,0,0,"P7 E1 Q3","UG",NA,"P7E1","Control"
"374","Q21",2009,54,0.457232463148999,0,1,24.160476,0,0,"P7 E1 Q3","UG",NA,"P7E1","Control"
"375","Q21",2009,61,0.249999999999999,0,1,11.186284,0,0,"P7 E1 Q3","UG",NA,"P7E1","Control"
"376","Q21",2009,57,0.25,0,1,1.903098,1,0,"P7 E1 Q3","UG",NA,"P7E1","Control"
"377","Q21",2009,69,0.25,0,1,15.313793,0,0,"P7 E1 Q3","UG",NA,"P7E1","Control"
"378","Q21",2009,63,0.25,1,1,26.384625,0,0,"P7 E1 Q3","UG",NA,"P7E1","Control"
"379","Q21",2009,68,0.250000000000004,0,1,16.020692,0,0,"P7 E1 Q3","UG",NA,"P7E1","Control"
"380","Q21",2009,67,0.25,0,1,7.30302499999999,0,0,"P7 E1 Q3","UG",NA,"P7E1","Control"
"381","Q21",2009,55,1.36419923046101,0,1,0.554719000000006,1,0,"P7 E1 Q3","UG",NA,"P7E1","Control"
"382","Q21",2009,65,0.25,1,1,32.208692,0,0,"P7 E1 Q3","UG",NA,"P7E1","Control"
"383","Q21",2009,71,0.25,0,1,12.556884,0,0,"P7 E1 Q3","UG",NA,"P7E1","Control"
"384","Q21",2009,56,1.294240483166,1,1,2.180589,1,0,"P7 E1 Q3","UG",NA,"P7E1","Control"
"385","Q21",2009,66,0.250000000000002,0,1,21.817268,0,0,"P7 E1 Q3","UG",NA,"P7E1","Control"
"386","Q21",2009,62,0.249999999999996,0,1,33.905251,0,0,"P7 E1 Q3","UG",NA,"P7E1","Control"
"387","Q21",2009,64,0.25,0,1,32.279382,0,0,"P7 E1 Q3","UG",NA,"P7E1","Control"
"388","Q21",2010,77,0.250000000000001,0,1,8.444489,0,0,"P7 E1 Q3","UG",NA,"P7E1","Control"
"389","Q21",2010,76,0.25,0,1,6.803178,0,0,"P7 E1 Q3","UG",NA,"P7E1","Control"
"390","Q21",2010,81,0.249999999999998,0,1,30.678364,0,0,"P7 E1 Q3","UG",NA,"P7E1","Control"
"391","Q21",2010,78,0.25,0,1,7.491987,0,0,"P7 E1 Q3","UG",NA,"P7E1","Control"
"392","Q21",2010,75,0.25,0,1,4.15733900000001,1,0,"P7 E1 Q3","UG",NA,"P7E1","Control"
"393","Q21",2010,73,0.408826740696002,0,1,19.912845,0,0,"P7 E1 Q3","UG",NA,"P7E1","Control"
"394","Q21",2010,82,0.250000000000001,0,1,7.870345,0,0,"P7 E1 Q3","UG",NA,"P7E1","Control"
"395","Q21",2010,74,0.25,0,1,1.77608500000001,1,0,"P7 E1 Q3","UG",NA,"P7E1","Control"
"396","Q21",2010,79,0.25,0,1,27.75911,0,0,"P7 E1 Q3","UG",NA,"P7E1","Control"
"397","Q21",2010,83,0.25,0,1,12.580828,0,0,"P7 E1 Q3","UG",NA,"P7E1","Control"
"398","Q21",2010,80,0.25,0,1,17.810757,0,0,"P7 E1 Q3","UG",NA,"P7E1","Control"
"399","Q21",2010,84,0.25,0,1,1.89075,1,0,"P7 E1 Q3","UG",NA,"P7E1","Control"
"400","Q21",2011,103,0.25,0,1,40.379011,0,0,"P7 E1 Q3","UG",NA,"P7E1","Control"
"401","Q21",2011,104,0.249999999999996,0,1,35.682648,0,0,"P7 E1 Q3","UG",NA,"P7E1","Control"
"402","Q21",2011,105,0.25,0,1,12.035465,0,0,"P7 E1 Q3","UG",NA,"P7E1","Control"
"403","Q21",2011,106,0.249999999999996,0,1,38.692289,0,0,"P7 E1 Q3","UG",NA,"P7E1","Control"
"404","Q21",2011,107,0.249999999999993,0,1,6.41228700000001,0,0,"P7 E1 Q3","UG",NA,"P7E1","Control"
"405","Q21",2011,92,1.208065978111,1,1,8.806518,0,0,"P7 E1 Q3","UG",NA,"P7E1","Control"
"406","Q21",2011,85,1.53329627996501,0,1,8.796886,0,0,"P7 E1 Q3","UG",NA,"P7E1","Control"
"407","Q21",2011,91,1.8522059162695,1,1,38.056222,0,0,"P7 E1 Q3","UG",NA,"P7E1","Control"
"408","Q21",2011,94,0.283421693615999,0,1,15.235092,0,0,"P7 E1 Q3","UG",NA,"P7E1","Control"
"409","Q21",2011,96,0.25,0,1,26.974821,0,0,"P7 E1 Q3","UG",NA,"P7E1","Control"
"410","Q21",2011,87,0.707581790459501,0,1,2.712228,1,0,"P7 E1 Q3","UG",NA,"P7E1","Control"
"411","Q21",2011,90,2.3373775584795,0,1,18.521114,0,0,"P7 E1 Q3","UG",NA,"P7E1","Control"
"412","Q21",2011,100,0.25,0,1,39.88982,0,0,"P7 E1 Q3","UG",NA,"P7E1","Control"
"413","Q21",2011,89,1.297515155115,0,1,20.218089,0,0,"P7 E1 Q3","UG",NA,"P7E1","Control"
"414","Q21",2011,98,0.25,0,1,28.296968,0,0,"P7 E1 Q3","UG",NA,"P7E1","Control"
"415","Q21",2011,95,0.25,0,1,5.950036,0,0,"P7 E1 Q3","UG",NA,"P7E1","Control"
"416","Q21",2011,93,1.71219571435901,1,1,2.853381,1,0,"P7 E1 Q3","UG",NA,"P7E1","Control"
"417","Q21",2011,86,0.6217780187345,0,1,6.062853,0,0,"P7 E1 Q3","UG",NA,"P7E1","Control"
"418","Q21",2011,97,0.249999999999996,0,1,27.801645,0,0,"P7 E1 Q3","UG",NA,"P7E1","Control"
"419","Q21",2011,99,0.25,0,1,30.512858,0,0,"P7 E1 Q3","UG",NA,"P7E1","Control"
"420","Q21",2011,101,0.249999999999996,0,1,42.131879,0,0,"P7 E1 Q3","UG",NA,"P7E1","Control"
"421","Q21",2011,102,0.250000000000004,0,1,35.848013,0,0,"P7 E1 Q3","UG",NA,"P7E1","Control"
"422","Q21",2011,88,1.8551207500045,1,1,6.747133,0,0,"P7 E1 Q3","UG",NA,"P7E1","Control"
"423","Q21",2012,114,0.25,0,1,10.016193,0,0,"P7 E1 Q3","UG",NA,"P7E1","Control"
"424","Q21",2012,117,0.249999999999998,0,1,22.716219,0,0,"P7 E1 Q3","UG",NA,"P7E1","Control"
"425","Q21",2012,113,0.25,0,1,11.603696,0,0,"P7 E1 Q3","UG",NA,"P7E1","Control"
"426","Q21",2012,122,0.25,0,1,7.502647,0,0,"P7 E1 Q3","UG",NA,"P7E1","Control"
"427","Q21",2012,118,0.249999999999996,0,1,26.093131,0,0,"P7 E1 Q3","UG",NA,"P7E1","Control"
"428","Q21",2012,112,0.250000000000004,0,1,15.175579,0,0,"P7 E1 Q3","UG",NA,"P7E1","Control"
"429","Q21",2012,121,0.250000000000002,0,1,29.201992,0,0,"P7 E1 Q3","UG",NA,"P7E1","Control"
"430","Q21",2012,109,2.34404785074699,0,1,0,1,0,"P7 E1 Q3","UG",NA,"P7E1","Control"
"431","Q21",2012,116,0.25,0,1,21.657884,0,0,"P7 E1 Q3","UG",NA,"P7E1","Control"
"432","Q21",2012,108,4.25190530746,1,1,0,1,0,"P7 E1 Q3","UG",NA,"P7E1","Control"
"433","Q21",2012,115,0.250000000000002,0,1,17.229571,0,0,"P7 E1 Q3","UG",NA,"P7E1","Control"
"434","Q21",2012,110,0.822554217363999,0,1,10.398486,0,0,"P7 E1 Q3","UG",NA,"P7E1","Control"
"435","Q21",2012,111,0.250000000000004,0,1,11.960735,0,0,"P7 E1 Q3","UG",NA,"P7E1","Control"
"436","Q21",2012,119,0.25,1,1,26.622299,0,0,"P7 E1 Q3","UG",NA,"P7E1","Control"
"437","Q21",2012,120,0.25,0,1,36.897764,0,0,"P7 E1 Q3","UG",NA,"P7E1","Control"
"438","Q21",2013,125,0.157646,0,1,0,1,0,"P7 E1 Q3","UG",NA,"P7E1","Control"
"439","Q21",2013,129,0.249999999999998,0,1,24.842264,0,0,"P7 E1 Q3","UG",NA,"P7E1","Control"
"440","Q21",2013,126,0.25,0,1,24.333885,0,0,"P7 E1 Q3","UG",NA,"P7E1","Control"
"441","Q21",2013,134,0.250000000000004,0,1,35.655413,0,0,"P7 E1 Q3","UG",NA,"P7E1","Control"
"442","Q21",2013,133,0.25,0,1,39.624171,0,0,"P7 E1 Q3","UG",NA,"P7E1","Control"
"443","Q21",2013,124,0.25,0,1,6.448015,0,0,"P7 E1 Q3","UG",NA,"P7E1","Control"
"444","Q21",2013,132,0.25,0,1,41.687925,0,0,"P7 E1 Q3","UG",NA,"P7E1","Control"
"445","Q21",2013,130,0.25,0,1,3.482015,1,0,"P7 E1 Q3","UG",NA,"P7E1","Control"
"446","Q21",2013,131,0.25,0,1,4.75201800000001,0,0,"P7 E1 Q3","UG",NA,"P7E1","Control"
"447","Q21",2013,127,0.249999999999999,0,1,8.123225,0,0,"P7 E1 Q3","UG",NA,"P7E1","Control"
"448","Q21",2013,123,0.231382843019998,0,1,0,1,0,"P7 E1 Q3","UG",NA,"P7E1","Control"
"449","Q21",2013,128,0.250000000000002,0,1,7.541141,0,0,"P7 E1 Q3","UG",NA,"P7E1","Control"
"450","Q21",2014,135,0.25,0,1,5.829211,0,0,"P7 E1 Q3","UG",NA,"P7E1","Control"
"451","Q21",2015,142,0.25,0,1,10.252678,0,0,"P7 E1 Q3","UG",NA,"P7E1","Control"
"452","Q21",2015,140,2.23594682174349,0,1,36.706393,0,0,"P7 E1 Q3","UG",NA,"P7E1","Control"
"453","Q21",2015,137,1.794829156957,0,1,19.578181,0,0,"P7 E1 Q3","UG",NA,"P7E1","Control"
"454","Q21",2015,141,1.3244876390325,0,1,0.742830999999995,1,0,"P7 E1 Q3","UG",NA,"P7E1","Control"
"455","Q21",2015,136,2.5642699778245,0,1,4.893775,0,0,"P7 E1 Q3","UG",NA,"P7E1","Control"
"456","Q21",2015,139,1.9846294034945,0,1,30.855617,0,0,"P7 E1 Q3","UG",NA,"P7E1","Control"
"457","Q21",2015,138,1.5276151391155,0,1,0,1,0,"P7 E1 Q3","UG",NA,"P7E1","Control"
"458","Q22",2007,29,1.376751685068,0,1,34.456271,0,0,"P7 E1 Q4","UG",NA,"P7E1","Control"
"459","Q22",2007,22,14.0035174899515,0,1,18.166245,0,0,"P7 E1 Q4","UG",NA,"P7E1","Control"
"460","Q22",2007,37,0.24999999999999,0,1,8.092094,0,0,"P7 E1 Q4","UG",NA,"P7E1","Control"
"461","Q22",2007,28,4.58770184371899,0,1,36.951753,0,0,"P7 E1 Q4","UG",NA,"P7E1","Control"
"462","Q22",2007,20,3.543249837119,1,1,5.541953,0,0,"P7 E1 Q4","UG",NA,"P7E1","Control"
"463","Q22",2007,36,0.25,0,1,27.875283,0,0,"P7 E1 Q4","UG",NA,"P7E1","Control"
"464","Q22",2007,35,0.24999999999999,0,1,36.868434,0,0,"P7 E1 Q4","UG",NA,"P7E1","Control"
"465","Q22",2007,25,7.794582503446,0,1,2.42753300000001,0,0,"P7 E1 Q4","UG",NA,"P7E1","Control"
"466","Q22",2007,23,7.34353311485349,1,1,14.501632,0,0,"P7 E1 Q4","UG",NA,"P7E1","Control"
"467","Q22",2007,30,1.97212082084401,0,1,0,1,0,"P7 E1 Q4","UG",NA,"P7E1","Control"
"468","Q22",2007,27,13.845446576596,0,1,20.091374,0,0,"P7 E1 Q4","UG",NA,"P7E1","Control"
"469","Q22",2007,38,0.25000000000001,0,1,3.26526799999999,1,0,"P7 E1 Q4","UG",NA,"P7E1","Control"
"470","Q22",2007,26,2.8872890078695,1,1,41.078207,0,0,"P7 E1 Q4","UG",NA,"P7E1","Control"
"471","Q22",2007,32,0.25,0,1,20.18819,0,0,"P7 E1 Q4","UG",NA,"P7E1","Control"
"472","Q22",2007,21,3.6105896881745,0,1,2.346233,0,0,"P7 E1 Q4","UG",NA,"P7E1","Control"
"473","Q22",2007,31,0.25,0,1,17.713828,0,0,"P7 E1 Q4","UG",NA,"P7E1","Control"
"474","Q22",2007,18,19.2828187642185,1,1,11.192439,0,0,"P7 E1 Q4","UG",NA,"P7E1","Control"
"475","Q22",2007,19,26.8563555000635,1,1,15.6567,0,0,"P7 E1 Q4","UG",NA,"P7E1","Control"
"476","Q22",2007,34,0.25,0,1,37.324985,0,0,"P7 E1 Q4","UG",NA,"P7E1","Control"
"477","Q22",2007,24,0.674071551847,0,1,9.43723800000001,0,0,"P7 E1 Q4","UG",NA,"P7E1","Control"
"478","Q22",2007,33,0.25,0,1,38.140786,0,0,"P7 E1 Q4","UG",NA,"P7E1","Control"
"479","Q22",2008,41,8.92026608549499,1,1,10.226696,0,0,"P7 E1 Q4","UG",NA,"P7E1","Control"
"480","Q22",2008,40,3.9228309371,1,1,0,1,0,"P7 E1 Q4","UG",NA,"P7E1","Control"
"481","Q22",2008,47,0.25,0,1,35.741217,0,0,"P7 E1 Q4","UG",NA,"P7E1","Control"
"482","Q22",2008,39,1.1766540795635,0,1,2.923437,1,0,"P7 E1 Q4","UG",NA,"P7E1","Control"
"483","Q22",2008,52,0.25,1,1,1.052671,1,0,"P7 E1 Q4","UG",NA,"P7E1","Control"
"484","Q22",2008,44,0.25,1,1,24.540776,0,0,"P7 E1 Q4","UG",NA,"P7E1","Control"
"485","Q22",2008,50,0.25,0,1,24.199969,0,0,"P7 E1 Q4","UG",NA,"P7E1","Control"
"486","Q22",2008,49,0.25,0,1,1.40834,1,0,"P7 E1 Q4","UG",NA,"P7E1","Control"
"487","Q22",2008,48,0.25,0,1,45.177026,0,0,"P7 E1 Q4","UG",NA,"P7E1","Control"
"488","Q22",2008,46,0.25,0,1,32.178485,0,0,"P7 E1 Q4","UG",NA,"P7E1","Control"
"489","Q22",2008,45,0.25,1,1,23.764634,0,0,"P7 E1 Q4","UG",NA,"P7E1","Control"
"490","Q22",2008,51,0.25,0,1,4.64987500000001,0,0,"P7 E1 Q4","UG",NA,"P7E1","Control"
"491","Q22",2008,43,0.25,0,1,5.92661799999999,0,0,"P7 E1 Q4","UG",NA,"P7E1","Control"
"492","Q22",2008,42,1.588327246253,1,1,3.790891,0,0,"P7 E1 Q4","UG",NA,"P7E1","Control"
"493","Q22",2009,70,0.25,0,1,17.268107,0,0,"P7 E1 Q4","UG",NA,"P7E1","Control"
"494","Q22",2009,63,0.25,0,1,15.621045,0,0,"P7 E1 Q4","UG",NA,"P7E1","Control"
"495","Q22",2009,55,2.34716621510249,0,1,28.161966,0,0,"P7 E1 Q4","UG",NA,"P7E1","Control"
"496","Q22",2009,76,0.25,0,1,4.9683,0,0,"P7 E1 Q4","UG",NA,"P7E1","Control"
"497","Q22",2009,69,0.25,0,1,18.114088,0,0,"P7 E1 Q4","UG",NA,"P7E1","Control"
"498","Q22",2009,62,0.25,0,1,18.813231,0,0,"P7 E1 Q4","UG",NA,"P7E1","Control"
"499","Q22",2009,56,0.74495139770299,1,1,23.716541,0,0,"P7 E1 Q4","UG",NA,"P7E1","Control"
"500","Q22",2009,68,0.25,0,1,38.099574,0,0,"P7 E1 Q4","UG",NA,"P7E1","Control"
"501","Q22",2009,54,1.253907834951,0,1,46.185094,0,0,"P7 E1 Q4","UG",NA,"P7E1","Control"
"502","Q22",2009,53,0.6141581304755,0,1,25.200155,0,0,"P7 E1 Q4","UG",NA,"P7E1","Control"
"503","Q22",2009,58,0.1651455,0,1,0,1,0,"P7 E1 Q4","UG",NA,"P7E1","Control"
"504","Q22",2009,71,0.25,1,1,4.179046,1,0,"P7 E1 Q4","UG",NA,"P7E1","Control"
"505","Q22",2009,66,0.25,0,1,9.719982,0,0,"P7 E1 Q4","UG",NA,"P7E1","Control"
"506","Q22",2009,75,0.25,0,1,7.30731999999999,0,0,"P7 E1 Q4","UG",NA,"P7E1","Control"
"507","Q22",2009,67,0.25,0,1,41.362857,0,0,"P7 E1 Q4","UG",NA,"P7E1","Control"
"508","Q22",2009,61,0.25000000000001,0,1,1.037241,1,0,"P7 E1 Q4","UG",NA,"P7E1","Control"
"509","Q22",2009,73,0.25,0,1,6.38305700000001,0,0,"P7 E1 Q4","UG",NA,"P7E1","Control"
"510","Q22",2009,65,0.25,0,1,31.191321,0,0,"P7 E1 Q4","UG",NA,"P7E1","Control"
"511","Q22",2009,59,0.25,0,1,5.944647,0,0,"P7 E1 Q4","UG",NA,"P7E1","Control"
"512","Q22",2009,72,0.25,0,1,3.676723,1,0,"P7 E1 Q4","UG",NA,"P7E1","Control"
"513","Q22",2009,60,0.25,0,1,8.433047,0,0,"P7 E1 Q4","UG",NA,"P7E1","Control"
"514","Q22",2009,64,0.25,0,1,21.024428,0,0,"P7 E1 Q4","UG",NA,"P7E1","Control"
"515","Q22",2009,57,2.050038328118,1,1,14.462632,0,0,"P7 E1 Q4","UG",NA,"P7E1","Control"
"516","Q22",2009,74,0.25,0,1,8.018292,0,0,"P7 E1 Q4","UG",NA,"P7E1","Control"
"517","Q22",2010,79,0.378024588438,0,1,2.235835,1,0,"P7 E1 Q4","UG",NA,"P7E1","Control"
"518","Q22",2010,78,0.6528329092695,0,1,0,1,0,"P7 E1 Q4","UG",NA,"P7E1","Control"
"519","Q22",2010,84,0.25,0,1,6.05993,0,0,"P7 E1 Q4","UG",NA,"P7E1","Control"
"520","Q22",2010,80,0.25,0,1,1.191588,1,0,"P7 E1 Q4","UG",NA,"P7E1","Control"
"521","Q22",2010,82,0.25,0,1,10.836491,0,0,"P7 E1 Q4","UG",NA,"P7E1","Control"
"522","Q22",2010,85,0.25,0,1,5.90118,0,0,"P7 E1 Q4","UG",NA,"P7E1","Control"
"523","Q22",2010,81,0.25,0,1,7.44981799999999,0,0,"P7 E1 Q4","UG",NA,"P7E1","Control"
"524","Q22",2010,77,2.0616367949755,0,1,9.39315400000001,0,0,"P7 E1 Q4","UG",NA,"P7E1","Control"
"525","Q22",2010,83,0.25,0,1,11.894827,0,0,"P7 E1 Q4","UG",NA,"P7E1","Control"
"526","Q22",2010,88,0.25,0,1,4.896258,0,0,"P7 E1 Q4","UG",NA,"P7E1","Control"
"527","Q22",2010,86,0.25,0,1,19.024539,0,0,"P7 E1 Q4","UG",NA,"P7E1","Control"
"528","Q22",2010,87,0.25,0,1,12.992028,0,0,"P7 E1 Q4","UG",NA,"P7E1","Control"
"529","Q22",2011,98,6.25408682000102,1,1,0,1,0,"P7 E1 Q4","UG",NA,"P7E1","Control"
"530","Q22",2011,104,0.25,0,1,27.619572,0,0,"P7 E1 Q4","UG",NA,"P7E1","Control"
"531","Q22",2011,89,1.3294072669815,0,1,0,1,0,"P7 E1 Q4","UG",NA,"P7E1","Control"
"532","Q22",2011,109,0.25,0,1,2.315137,1,0,"P7 E1 Q4","UG",NA,"P7E1","Control"
"533","Q22",2011,99,3.13496172522749,0,1,14.451146,0,0,"P7 E1 Q4","UG",NA,"P7E1","Control"
"534","Q22",2011,97,0.1118332999335,0,1,0,1,0,"P7 E1 Q4","UG",NA,"P7E1","Control"
"535","Q22",2011,112,0.25,0,1,2.947512,1,0,"P7 E1 Q4","UG",NA,"P7E1","Control"
"536","Q22",2011,95,0.92717195099,0,1,20.776098,0,0,"P7 E1 Q4","UG",NA,"P7E1","Control"
"537","Q22",2011,103,0.25,0,1,21.340115,0,0,"P7 E1 Q4","UG",NA,"P7E1","Control"
"538","Q22",2011,93,1.5369904576295,0,1,19.498505,0,0,"P7 E1 Q4","UG",NA,"P7E1","Control"
"539","Q22",2011,108,0.25,1,1,2.526804,1,0,"P7 E1 Q4","UG",NA,"P7E1","Control"
"540","Q22",2011,92,8.74684053178899,0,1,15.459192,0,0,"P7 E1 Q4","UG",NA,"P7E1","Control"
"541","Q22",2011,96,2.520760477967,0,1,0,1,0,"P7 E1 Q4","UG",NA,"P7E1","Control"
"542","Q22",2011,107,0.25,0,1,33.122916,0,0,"P7 E1 Q4","UG",NA,"P7E1","Control"
"543","Q22",2011,102,0.25,0,1,16.189549,0,0,"P7 E1 Q4","UG",NA,"P7E1","Control"
"544","Q22",2011,111,0.25000000000001,0,1,3.62800899999999,1,0,"P7 E1 Q4","UG",NA,"P7E1","Control"
"545","Q22",2011,105,0.25,0,1,27.937073,0,0,"P7 E1 Q4","UG",NA,"P7E1","Control"
"546","Q22",2011,91,0.6322191546935,0,1,19.579278,0,0,"P7 E1 Q4","UG",NA,"P7E1","Control"
"547","Q22",2011,106,0.25,0,1,28.748463,0,0,"P7 E1 Q4","UG",NA,"P7E1","Control"
"548","Q22",2011,100,3.80856131245749,1,1,14.700718,0,0,"P7 E1 Q4","UG",NA,"P7E1","Control"
"549","Q22",2011,90,3.437858865091,1,1,0,1,0,"P7 E1 Q4","UG",NA,"P7E1","Control"
"550","Q22",2011,110,0.25,0,1,45.082107,0,0,"P7 E1 Q4","UG",NA,"P7E1","Control"
"551","Q22",2011,101,1.1001616897815,0,1,36.817302,0,0,"P7 E1 Q4","UG",NA,"P7E1","Control"
"552","Q22",2011,94,2.11600642836501,1,1,24.976789,0,0,"P7 E1 Q4","UG",NA,"P7E1","Control"
"553","Q22",2012,121,0.25,0,1,24.991417,0,0,"P7 E1 Q4","UG",NA,"P7E1","Control"
"554","Q22",2012,119,0.25,0,1,21.650029,0,0,"P7 E1 Q4","UG",NA,"P7E1","Control"
"555","Q22",2012,122,0.25,0,1,25.913178,0,0,"P7 E1 Q4","UG",NA,"P7E1","Control"
"556","Q22",2012,114,2.50489304950451,0,1,0,1,0,"P7 E1 Q4","UG",NA,"P7E1","Control"
"557","Q22",2012,116,0.25,0,1,20.254693,0,0,"P7 E1 Q4","UG",NA,"P7E1","Control"
"558","Q22",2012,113,0.566831006083,0,1,0,1,0,"P7 E1 Q4","UG",NA,"P7E1","Control"
"559","Q22",2012,115,2.907379904254,0,1,27.718652,0,0,"P7 E1 Q4","UG",NA,"P7E1","Control"
"560","Q22",2012,120,0.25,1,1,1.11327900000001,1,0,"P7 E1 Q4","UG",NA,"P7E1","Control"
"561","Q22",2012,118,0.25,1,1,24.991417,0,0,"P7 E1 Q4","UG",NA,"P7E1","Control"
"562","Q22",2012,124,0.25,0,1,42.074081,0,0,"P7 E1 Q4","UG",NA,"P7E1","Control"
"563","Q22",2012,117,0.25,0,1,20.600353,0,0,"P7 E1 Q4","UG",NA,"P7E1","Control"
"564","Q22",2012,123,0.25,0,1,20.324996,0,0,"P7 E1 Q4","UG",NA,"P7E1","Control"
"565","Q22",2012,125,0.25,0,1,22.3265,0,0,"P7 E1 Q4","UG",NA,"P7E1","Control"
"566","Q22",2012,128,0.25,0,1,4.870631,0,0,"P7 E1 Q4","UG",NA,"P7E1","Control"
"567","Q22",2012,126,0.25,0,1,10.401203,0,0,"P7 E1 Q4","UG",NA,"P7E1","Control"
"568","Q22",2012,127,0.25,0,1,4.064089,1,0,"P7 E1 Q4","UG",NA,"P7E1","Control"
"569","Q22",2013,136,0.25,0,1,7.458575,0,0,"P7 E1 Q4","UG",NA,"P7E1","Control"
"570","Q22",2013,135,0.25,0,1,36.665965,0,0,"P7 E1 Q4","UG",NA,"P7E1","Control"
"571","Q22",2013,129,7.6695610508565,1,1,0,1,0,"P7 E1 Q4","UG",NA,"P7E1","Control"
"572","Q22",2013,134,0.25,0,1,12.2456,0,0,"P7 E1 Q4","UG",NA,"P7E1","Control"
"573","Q22",2013,132,0.25,0,1,5.709653,0,0,"P7 E1 Q4","UG",NA,"P7E1","Control"
"574","Q22",2013,131,0.25,0,1,0.417976,1,0,"P7 E1 Q4","UG",NA,"P7E1","Control"
"575","Q22",2013,130,0.0013229405125,0,1,0,1,0,"P7 E1 Q4","UG",NA,"P7E1","Control"
"576","Q22",2013,133,0.25,0,1,16.637693,0,0,"P7 E1 Q4","UG",NA,"P7E1","Control"
"577","Q22",2014,150,0.25,0,1,6.00735300000001,0,0,"P7 E1 Q4","UG",NA,"P7E1","Control"
"578","Q22",2014,151,0.25,0,1,5.848602,0,0,"P7 E1 Q4","UG",NA,"P7E1","Control"
"579","Q22",2014,143,0.25,0,1,1.131713,1,0,"P7 E1 Q4","UG",NA,"P7E1","Control"
"580","Q22",2014,142,0.25,0,1,34.696181,0,0,"P7 E1 Q4","UG",NA,"P7E1","Control"
"581","Q22",2014,149,0.25,0,1,16.886564,0,0,"P7 E1 Q4","UG",NA,"P7E1","Control"
"582","Q22",2014,144,0.25,0,1,19.784875,0,0,"P7 E1 Q4","UG",NA,"P7E1","Control"
"583","Q22",2014,145,0.25,0,1,20.618314,0,0,"P7 E1 Q4","UG",NA,"P7E1","Control"
"584","Q22",2014,140,0.25,0,1,39.393661,0,0,"P7 E1 Q4","UG",NA,"P7E1","Control"
"585","Q22",2014,137,4.2335312196395,0,1,15.88403,0,0,"P7 E1 Q4","UG",NA,"P7E1","Control"
"586","Q22",2014,152,0.25,0,1,5.015163,0,0,"P7 E1 Q4","UG",NA,"P7E1","Control"
"587","Q22",2014,148,0.25,0,1,13.632183,0,0,"P7 E1 Q4","UG",NA,"P7E1","Control"
"588","Q22",2014,141,0.25,0,1,33.426178,0,0,"P7 E1 Q4","UG",NA,"P7E1","Control"
"589","Q22",2014,138,3.4981297865405,0,1,19.770292,0,0,"P7 E1 Q4","UG",NA,"P7E1","Control"
"590","Q22",2014,147,0.25,0,1,0.855903999999995,1,0,"P7 E1 Q4","UG",NA,"P7E1","Control"
"591","Q22",2014,146,0.25,0,1,22.840819,0,0,"P7 E1 Q4","UG",NA,"P7E1","Control"
"592","Q22",2014,139,0.25,0,1,36.005871,0,0,"P7 E1 Q4","UG",NA,"P7E1","Control"
"593","Q22",2015,158,8.67488595144299,0,1,41.903719,0,0,"P7 E1 Q4","UG",NA,"P7E1","Control"
"594","Q22",2015,161,0.1903248127605,0,1,15.686795,0,0,"P7 E1 Q4","UG",NA,"P7E1","Control"
"595","Q22",2015,174,0.25,0,1,31.671685,0,0,"P7 E1 Q4","UG",NA,"P7E1","Control"
"596","Q22",2015,172,0.25,0,1,2.750023,1,0,"P7 E1 Q4","UG",NA,"P7E1","Control"
"597","Q22",2015,157,3.51983299293151,0,1,30.463828,0,0,"P7 E1 Q4","UG",NA,"P7E1","Control"
"598","Q22",2015,160,0.520659838458,0,1,21.041282,0,0,"P7 E1 Q4","UG",NA,"P7E1","Control"
"599","Q22",2015,154,8.7812045769105,0,1,17.747189,0,0,"P7 E1 Q4","UG",NA,"P7E1","Control"
"600","Q22",2015,153,2.3563551425085,0,1,3.618411,0,0,"P7 E1 Q4","UG",NA,"P7E1","Control"
"601","Q22",2015,177,0.25,0,1,38.180448,0,0,"P7 E1 Q4","UG",NA,"P7E1","Control"
"602","Q22",2015,159,1.10769183207499,0,1,33.996022,0,0,"P7 E1 Q4","UG",NA,"P7E1","Control"
"603","Q22",2015,178,0.25,0,1,27.702927,0,0,"P7 E1 Q4","UG",NA,"P7E1","Control"
"604","Q22",2015,176,0.25,0,1,29.44918,0,0,"P7 E1 Q4","UG",NA,"P7E1","Control"
"605","Q22",2015,155,2.1819468438285,0,1,0,1,0,"P7 E1 Q4","UG",NA,"P7E1","Control"
"606","Q22",2015,171,0.25,0,1,17.725417,0,0,"P7 E1 Q4","UG",NA,"P7E1","Control"
"607","Q22",2015,156,3.28192702741751,0,1,5.781436,0,0,"P7 E1 Q4","UG",NA,"P7E1","Control"
"608","Q22",2015,173,0.25,0,1,3.67606600000001,1,0,"P7 E1 Q4","UG",NA,"P7E1","Control"
"609","Q22",2015,170,0.25,0,1,13.915409,0,0,"P7 E1 Q4","UG",NA,"P7E1","Control"
"610","Q22",2015,175,0.25,0,1,30.560432,0,0,"P7 E1 Q4","UG",NA,"P7E1","Control"
"611","Q22",2015,168,0.25,0,1,25.740961,0,0,"P7 E1 Q4","UG",NA,"P7E1","Control"
"612","Q22",2015,179,0.25,0,1,36.954077,0,0,"P7 E1 Q4","UG",NA,"P7E1","Control"
"613","Q22",2015,165,0.25,0,1,6.410516,0,0,"P7 E1 Q4","UG",NA,"P7E1","Control"
"614","Q22",2015,162,0.3872127308605,0,1,12.214132,0,0,"P7 E1 Q4","UG",NA,"P7E1","Control"
"615","Q22",2015,167,0.25,0,1,28.717528,0,0,"P7 E1 Q4","UG",NA,"P7E1","Control"
"616","Q22",2015,166,0.25000000000001,0,1,3.53978099999999,1,0,"P7 E1 Q4","UG",NA,"P7E1","Control"
"617","Q22",2015,169,0.25,0,1,9.309004,0,0,"P7 E1 Q4","UG",NA,"P7E1","Control"
"618","Q22",2015,164,0.25,0,1,6.36953,0,0,"P7 E1 Q4","UG",NA,"P7E1","Control"
"619","Q22",2015,163,1.061423065571,0,1,9.746834,0,0,"P7 E1 Q4","UG",NA,"P7E1","Control"
"620","Q23",2007,35,0.25,0,1,33.634054,0,0,"P10 E1 Q1","UG",NA,"P10E1","Control"
"621","Q23",2007,33,0.25,0,1,5.410917,0,0,"P10 E1 Q1","UG",NA,"P10E1","Control"
"622","Q23",2007,25,4.88688442669201,0,1,17.847278,0,0,"P10 E1 Q1","UG",NA,"P10E1","Control"
"623","Q23",2007,32,0.25,1,1,10.076577,0,0,"P10 E1 Q1","UG",NA,"P10E1","Control"
"624","Q23",2007,30,13.044185726589,1,1,9.914977,0,0,"P10 E1 Q1","UG",NA,"P10E1","Control"
"625","Q23",2007,26,24.0964664042035,1,1,6.643672,0,0,"P10 E1 Q1","UG",NA,"P10E1","Control"
"626","Q23",2007,34,0.25,0,1,21.718209,0,0,"P10 E1 Q1","UG",NA,"P10E1","Control"
"627","Q23",2007,24,4.249600327936,1,1,9.802047,0,0,"P10 E1 Q1","UG",NA,"P10E1","Control"
"628","Q23",2007,29,8.609074581974,1,1,28.610291,0,0,"P10 E1 Q1","UG",NA,"P10E1","Control"
"629","Q23",2007,28,5.140812760434,1,1,17.487992,0,0,"P10 E1 Q1","UG",NA,"P10E1","Control"
"630","Q23",2007,27,3.98511668833649,1,1,10.319122,0,0,"P10 E1 Q1","UG",NA,"P10E1","Control"
"631","Q23",2007,31,0.25,0,1,4.796525,0,0,"P10 E1 Q1","UG",NA,"P10E1","Control"
"632","Q23",2008,45,0.25,0,1,9.46135700000001,0,0,"P10 E1 Q1","UG",NA,"P10E1","Control"
"633","Q23",2008,43,0.25,0,1,35.72997,0,0,"P10 E1 Q1","UG",NA,"P10E1","Control"
"634","Q23",2008,38,0.25,0,1,1.145949,1,0,"P10 E1 Q1","UG",NA,"P10E1","Control"
"635","Q23",2008,39,0.25,0,1,1.633074,1,0,"P10 E1 Q1","UG",NA,"P10E1","Control"
"636","Q23",2008,37,4.50447304764299,0,1,0,1,0,"P10 E1 Q1","UG",NA,"P10E1","Control"
"637","Q23",2008,44,0.25,0,1,38.72937,0,0,"P10 E1 Q1","UG",NA,"P10E1","Control"
"638","Q23",2008,42,0.25,0,1,15.40872,0,0,"P10 E1 Q1","UG",NA,"P10E1","Control"
"639","Q23",2008,47,0.25,1,1,5.692942,0,0,"P10 E1 Q1","UG",NA,"P10E1","Control"
"640","Q23",2008,36,4.06655579875649,1,1,19.60995,0,0,"P10 E1 Q1","UG",NA,"P10E1","Control"
"641","Q23",2008,41,0.25,0,1,34.224248,0,0,"P10 E1 Q1","UG",NA,"P10E1","Control"
"642","Q23",2008,46,0.25,0,1,8.121476,0,0,"P10 E1 Q1","UG",NA,"P10E1","Control"
"643","Q23",2008,40,0.25,1,1,24.593857,0,0,"P10 E1 Q1","UG",NA,"P10E1","Control"
"644","Q23",2008,48,0.25,0,1,4.47867600000001,1,0,"P10 E1 Q1","UG",NA,"P10E1","Control"
"645","Q23",2009,51,0.25,0,1,0.58947,1,0,"P10 E1 Q1","UG",NA,"P10E1","Control"
"646","Q23",2009,53,0.25,0,1,17.562739,0,0,"P10 E1 Q1","UG",NA,"P10E1","Control"
"647","Q23",2009,52,0.0689645,0,1,0,1,0,"P10 E1 Q1","UG",NA,"P10E1","Control"
"648","Q23",2009,50,0.84022488011351,1,1,4.53754499999999,0,0,"P10 E1 Q1","UG",NA,"P10E1","Control"
"649","Q23",2009,54,0.25,1,1,7.89965000000001,0,0,"P10 E1 Q1","UG",NA,"P10E1","Control"
"650","Q23",2009,49,2.11435320884101,1,1,8.432953,0,0,"P10 E1 Q1","UG",NA,"P10E1","Control"
"651","Q23",2010,56,0.25,1,1,26.455742,0,0,"P10 E1 Q1","UG",NA,"P10E1","Control"
"652","Q23",2010,55,0.25,1,1,21.164065,0,0,"P10 E1 Q1","UG",NA,"P10E1","Control"
"653","Q23",2010,57,0.25,0,1,30.847835,0,0,"P10 E1 Q1","UG",NA,"P10E1","Control"
"654","Q23",2011,59,5.03403246908301,1,1,9.050016,0,0,"P10 E1 Q1","UG",NA,"P10E1","Control"
"655","Q23",2011,61,1.0036915193965,0,1,47.069628,0,0,"P10 E1 Q1","UG",NA,"P10E1","Control"
"656","Q23",2011,64,0.25,0,1,27.691304,0,0,"P10 E1 Q1","UG",NA,"P10E1","Control"
"657","Q23",2011,69,0.25,0,1,43.32712,0,0,"P10 E1 Q1","UG",NA,"P10E1","Control"
"658","Q23",2011,63,0.25,0,1,17.293158,0,0,"P10 E1 Q1","UG",NA,"P10E1","Control"
"659","Q23",2011,71,0.25,0,1,16.616503,0,0,"P10 E1 Q1","UG",NA,"P10E1","Control"
"660","Q23",2011,73,0.25,0,1,0.676202,1,0,"P10 E1 Q1","UG",NA,"P10E1","Control"
"661","Q23",2011,66,0.25,0,1,16.683525,0,0,"P10 E1 Q1","UG",NA,"P10E1","Control"
"662","Q23",2011,62,0.25,0,1,7.819966,0,0,"P10 E1 Q1","UG",NA,"P10E1","Control"
"663","Q23",2011,58,1.50912477222849,1,1,14.195296,0,0,"P10 E1 Q1","UG",NA,"P10E1","Control"
"664","Q23",2011,70,0.25,0,1,39.570029,0,0,"P10 E1 Q1","UG",NA,"P10E1","Control"
"665","Q23",2011,65,0.25,0,1,35.073193,0,0,"P10 E1 Q1","UG",NA,"P10E1","Control"
"666","Q23",2011,72,0.24999999999999,0,1,7.991069,0,0,"P10 E1 Q1","UG",NA,"P10E1","Control"
"667","Q23",2011,68,0.25,0,1,14.646229,0,0,"P10 E1 Q1","UG",NA,"P10E1","Control"
"668","Q23",2011,67,0.25,0,1,1.060061,1,0,"P10 E1 Q1","UG",NA,"P10E1","Control"
"669","Q23",2011,60,9.16230954994501,0,1,0,1,0,"P10 E1 Q1","UG",NA,"P10E1","Control"
"670","Q23",2012,75,8.31669277275748,1,1,1.78494600000001,0,0,"P10 E1 Q1","UG",NA,"P10E1","Control"
"671","Q23",2012,77,3.53592467039103,0,1,21.199103,0,0,"P10 E1 Q1","UG",NA,"P10E1","Control"
"672","Q23",2012,74,1.91734737166801,0,1,9.289137,0,0,"P10 E1 Q1","UG",NA,"P10E1","Control"
"673","Q23",2012,78,0.25,0,1,1.352257,1,0,"P10 E1 Q1","UG",NA,"P10E1","Control"
"674","Q23",2012,76,3.6980121847325,0,1,0,1,0,"P10 E1 Q1","UG",NA,"P10E1","Control"
"675","Q23",2013,82,0.25,0,1,33.748855,0,0,"P10 E1 Q1","UG",NA,"P10E1","Control"
"676","Q23",2013,84,0.25,0,1,29.245869,0,0,"P10 E1 Q1","UG",NA,"P10E1","Control"
"677","Q23",2013,80,0.25,0,1,16.561487,0,0,"P10 E1 Q1","UG",NA,"P10E1","Control"
"678","Q23",2013,79,0.25,0,1,42.755289,0,0,"P10 E1 Q1","UG",NA,"P10E1","Control"
"679","Q23",2013,83,0.25,0,1,17.185696,0,0,"P10 E1 Q1","UG",NA,"P10E1","Control"
"680","Q23",2013,81,0.25,0,1,35.135275,0,0,"P10 E1 Q1","UG",NA,"P10E1","Control"
"681","Q23",2014,86,4.4252798723,1,1,0,1,0,"P10 E1 Q1","UG",NA,"P10E1","Control"
"682","Q23",2014,85,1.9590776230605,0,1,16.213264,0,0,"P10 E1 Q1","UG",NA,"P10E1","Control"
"683","Q23",2014,95,0.25,0,1,43.272949,0,0,"P10 E1 Q1","UG",NA,"P10E1","Control"
"684","Q23",2014,94,0.25,0,1,42.118157,0,0,"P10 E1 Q1","UG",NA,"P10E1","Control"
"685","Q23",2014,97,0.25,0,1,32.391937,0,0,"P10 E1 Q1","UG",NA,"P10E1","Control"
"686","Q23",2014,88,0.25,0,1,9.359872,0,0,"P10 E1 Q1","UG",NA,"P10E1","Control"
"687","Q23",2014,87,0.25,0,1,6.58174200000001,0,0,"P10 E1 Q1","UG",NA,"P10E1","Control"
"688","Q23",2014,96,0.25,0,1,31.961989,0,0,"P10 E1 Q1","UG",NA,"P10E1","Control"
"689","Q23",2014,90,0.25,0,1,9.439287,0,0,"P10 E1 Q1","UG",NA,"P10E1","Control"
"690","Q23",2014,105,0.25,0,1,5.770949,0,0,"P10 E1 Q1","UG",NA,"P10E1","Control"
"691","Q23",2014,91,0.25,0,1,27.464063,0,0,"P10 E1 Q1","UG",NA,"P10E1","Control"
"692","Q23",2014,89,0.25,0,1,14.301016,0,0,"P10 E1 Q1","UG",NA,"P10E1","Control"
"693","Q23",2014,92,0.25,0,1,18.534357,0,0,"P10 E1 Q1","UG",NA,"P10E1","Control"
"694","Q23",2014,103,0.25,0,1,20.223843,0,0,"P10 E1 Q1","UG",NA,"P10E1","Control"
"695","Q23",2014,98,0.25,0,1,26.792682,0,0,"P10 E1 Q1","UG",NA,"P10E1","Control"
"696","Q23",2014,99,0.25,0,1,22.162464,0,0,"P10 E1 Q1","UG",NA,"P10E1","Control"
"697","Q23",2014,102,0.25,0,1,10.454628,0,0,"P10 E1 Q1","UG",NA,"P10E1","Control"
"698","Q23",2014,101,0.25,0,1,12.637445,0,0,"P10 E1 Q1","UG",NA,"P10E1","Control"
"699","Q23",2014,104,0.25,0,1,5.605584,0,0,"P10 E1 Q1","UG",NA,"P10E1","Control"
"700","Q23",2014,100,0.25,0,1,13.232758,0,0,"P10 E1 Q1","UG",NA,"P10E1","Control"
"701","Q23",2014,93,0.25,0,1,47.096146,0,0,"P10 E1 Q1","UG",NA,"P10E1","Control"
"702","Q23",2015,131,0.25,0,1,34.384652,0,0,"P10 E1 Q1","UG",NA,"P10E1","Control"
"703","Q23",2015,133,0.25,0,1,34.516944,0,0,"P10 E1 Q1","UG",NA,"P10E1","Control"
"704","Q23",2015,132,0.25,0,1,36.038301,0,0,"P10 E1 Q1","UG",NA,"P10E1","Control"
"705","Q23",2015,143,0.25,0,1,41.644554,0,0,"P10 E1 Q1","UG",NA,"P10E1","Control"
"706","Q23",2015,142,0.25,0,1,37.569963,0,0,"P10 E1 Q1","UG",NA,"P10E1","Control"
"707","Q23",2015,134,0.25,0,1,42.62572,0,0,"P10 E1 Q1","UG",NA,"P10E1","Control"
"708","Q23",2015,130,0.25,0,1,27.535437,0,0,"P10 E1 Q1","UG",NA,"P10E1","Control"
"709","Q23",2015,135,0.25,0,1,11.682637,0,0,"P10 E1 Q1","UG",NA,"P10E1","Control"
"710","Q23",2015,141,0.25,0,1,34.744228,0,0,"P10 E1 Q1","UG",NA,"P10E1","Control"
"711","Q23",2015,144,0.25,0,1,7.888966,0,0,"P10 E1 Q1","UG",NA,"P10E1","Control"
"712","Q23",2015,112,3.266767580643,0,1,13.807675,0,0,"P10 E1 Q1","UG",NA,"P10E1","Control"
"713","Q23",2015,126,0.25,0,1,7.731335,0,0,"P10 E1 Q1","UG",NA,"P10E1","Control"
"714","Q23",2015,119,1.7515163725085,0,1,40.662937,0,0,"P10 E1 Q1","UG",NA,"P10E1","Control"
"715","Q23",2015,156,0.25,0,1,16.872728,0,0,"P10 E1 Q1","UG",NA,"P10E1","Control"
"716","Q23",2015,129,0.25,0,1,23.726332,0,0,"P10 E1 Q1","UG",NA,"P10E1","Control"
"717","Q23",2015,118,11.473055341605,0,1,9.992172,0,0,"P10 E1 Q1","UG",NA,"P10E1","Control"
"718","Q23",2015,153,0.25,0,1,7.169115,0,0,"P10 E1 Q1","UG",NA,"P10E1","Control"
"719","Q23",2015,120,1.9909313750075,0,1,41.213971,0,0,"P10 E1 Q1","UG",NA,"P10E1","Control"
"720","Q23",2015,157,0.25,0,1,19.683932,0,0,"P10 E1 Q1","UG",NA,"P10E1","Control"
"721","Q23",2015,127,0.25,0,1,23.262407,0,0,"P10 E1 Q1","UG",NA,"P10E1","Control"
"722","Q23",2015,115,3.32976974063751,0,1,7.616413,0,0,"P10 E1 Q1","UG",NA,"P10E1","Control"
"723","Q23",2015,111,12.9946095994315,0,1,2.736862,0,0,"P10 E1 Q1","UG",NA,"P10E1","Control"
"724","Q23",2015,136,0.25,0,1,7.052419,0,0,"P10 E1 Q1","UG",NA,"P10E1","Control"
"725","Q23",2015,114,1.451458760866,0,1,6.53733199999999,0,0,"P10 E1 Q1","UG",NA,"P10E1","Control"
"726","Q23",2015,137,0.25,0,1,6.721689,0,0,"P10 E1 Q1","UG",NA,"P10E1","Control"
"727","Q23",2015,145,0.25,0,1,9.403709,0,0,"P10 E1 Q1","UG",NA,"P10E1","Control"
"728","Q23",2015,155,0.25,0,1,18.162575,0,0,"P10 E1 Q1","UG",NA,"P10E1","Control"
"729","Q23",2015,121,1.140374036876,0,1,35.736182,0,0,"P10 E1 Q1","UG",NA,"P10E1","Control"
"730","Q23",2015,154,0.25,0,1,17.666479,0,0,"P10 E1 Q1","UG",NA,"P10E1","Control"
"731","Q23",2015,110,1.6727597037555,0,1,5.473284,0,0,"P10 E1 Q1","UG",NA,"P10E1","Control"
"732","Q23",2015,146,0.25,0,1,10.567878,0,0,"P10 E1 Q1","UG",NA,"P10E1","Control"
"733","Q23",2015,128,0.25000000000001,0,1,14.160723,0,0,"P10 E1 Q1","UG",NA,"P10E1","Control"
"734","Q23",2015,113,1.289809305534,0,1,30.397083,0,0,"P10 E1 Q1","UG",NA,"P10E1","Control"
"735","Q23",2015,161,0.25,0,1,32.371073,0,0,"P10 E1 Q1","UG",NA,"P10E1","Control"
"736","Q23",2015,125,0.708447094205,0,1,20.166927,0,0,"P10 E1 Q1","UG",NA,"P10E1","Control"
"737","Q23",2015,159,0.25,0,1,34.024377,0,0,"P10 E1 Q1","UG",NA,"P10E1","Control"
"738","Q23",2015,160,0.25,0,1,31.801872,0,0,"P10 E1 Q1","UG",NA,"P10E1","Control"
"739","Q23",2015,152,0.25,0,1,7.486615,0,0,"P10 E1 Q1","UG",NA,"P10E1","Control"
"740","Q23",2015,158,0.25,0,1,32.860208,0,0,"P10 E1 Q1","UG",NA,"P10E1","Control"
"741","Q23",2015,151,0.25,0,1,19.193311,0,0,"P10 E1 Q1","UG",NA,"P10E1","Control"
"742","Q23",2015,140,0.25,0,1,18.678675,0,0,"P10 E1 Q1","UG",NA,"P10E1","Control"
"743","Q23",2015,117,7.52899854690799,0,1,4.35653600000001,0,0,"P10 E1 Q1","UG",NA,"P10E1","Control"
"744","Q23",2015,124,0.9377119943265,0,1,31.713388,0,0,"P10 E1 Q1","UG",NA,"P10E1","Control"
"745","Q23",2015,138,0.25,0,1,0.638907000000003,1,0,"P10 E1 Q1","UG",NA,"P10E1","Control"
"746","Q23",2015,116,13.8062243994925,0,1,8.792908,0,0,"P10 E1 Q1","UG",NA,"P10E1","Control"
"747","Q23",2015,108,2.835186615948,0,1,19.835595,0,0,"P10 E1 Q1","UG",NA,"P10E1","Control"
"748","Q23",2015,147,0.25,0,1,7.392871,0,0,"P10 E1 Q1","UG",NA,"P10E1","Control"
"749","Q23",2015,150,0.25,0,1,17.870393,0,0,"P10 E1 Q1","UG",NA,"P10E1","Control"
"750","Q23",2015,139,0.25,0,1,11.05866,0,0,"P10 E1 Q1","UG",NA,"P10E1","Control"
"751","Q23",2015,148,0.25,0,1,12.049547,0,0,"P10 E1 Q1","UG",NA,"P10E1","Control"
"752","Q23",2015,109,1.2411817156295,0,1,7.933914,0,0,"P10 E1 Q1","UG",NA,"P10E1","Control"
"753","Q23",2015,123,0.54089563619051,0,1,7.504921,0,0,"P10 E1 Q1","UG",NA,"P10E1","Control"
"754","Q23",2015,106,3.01789929345051,0,1,10.871914,0,0,"P10 E1 Q1","UG",NA,"P10E1","Control"
"755","Q23",2015,107,0.2835181734375,0,1,12.538792,0,0,"P10 E1 Q1","UG",NA,"P10E1","Control"
"756","Q23",2015,122,1.6381093015715,0,1,26.423733,0,0,"P10 E1 Q1","UG",NA,"P10E1","Control"
"757","Q23",2015,149,0.25,0,1,17.605808,0,0,"P10 E1 Q1","UG",NA,"P10E1","Control"
"758","Q24",2007,7,0.24999999999999,0,1,20.754471,0,0,"P10 E1 Q2","UG",NA,"P10E1","Control"
"759","Q24",2007,6,0.25000000000001,0,1,19.859312,0,0,"P10 E1 Q2","UG",NA,"P10E1","Control"
"760","Q24",2008,8,21.3742395071905,1,1,20.571735,0,0,"P10 E1 Q2","UG",NA,"P10E1","Control"
"761","Q24",2008,10,0.25,0,1,3.37543599999999,1,0,"P10 E1 Q2","UG",NA,"P10E1","Control"
"762","Q24",2008,9,0.25,0,1,4.57778399999999,0,0,"P10 E1 Q2","UG",NA,"P10E1","Control"
"763","Q24",2009,11,2.54918855452401,1,1,2.793629,1,0,"P10 E1 Q2","UG",NA,"P10E1","Control"
"764","Q24",2009,13,0.695607115686,0,1,0,1,0,"P10 E1 Q2","UG",NA,"P10E1","Control"
"765","Q24",2009,12,3.29498739320701,0,1,15.507065,0,0,"P10 E1 Q2","UG",NA,"P10E1","Control"
"766","Q24",2010,22,0.25,0,1,18.76157,0,0,"P10 E1 Q2","UG",NA,"P10E1","Control"
"767","Q24",2010,23,0.25,0,1,30.172346,0,0,"P10 E1 Q2","UG",NA,"P10E1","Control"
"768","Q24",2010,24,0.25,0,1,28.63776,0,0,"P10 E1 Q2","UG",NA,"P10E1","Control"
"769","Q24",2010,21,0.25,0,1,18.549903,0,0,"P10 E1 Q2","UG",NA,"P10E1","Control"
"770","Q24",2010,17,0.25,0,1,17.385734,0,0,"P10 E1 Q2","UG",NA,"P10E1","Control"
"771","Q24",2010,15,0.25,0,1,37.917441,0,0,"P10 E1 Q2","UG",NA,"P10E1","Control"
"772","Q24",2010,18,0.25,0,1,29.874092,0,0,"P10 E1 Q2","UG",NA,"P10E1","Control"
"773","Q24",2010,16,0.25,0,1,27.13374,0,0,"P10 E1 Q2","UG",NA,"P10E1","Control"
"774","Q24",2010,19,0.25,0,1,28.827076,0,0,"P10 E1 Q2","UG",NA,"P10E1","Control"
"775","Q24",2010,25,0.25,0,1,27.844009,0,0,"P10 E1 Q2","UG",NA,"P10E1","Control"
"776","Q24",2010,20,0.25,0,1,28.551172,0,0,"P10 E1 Q2","UG",NA,"P10E1","Control"
"777","Q24",2010,14,0.25,0,1,19.268386,0,0,"P10 E1 Q2","UG",NA,"P10E1","Control"
"778","Q24",2010,26,0.25,0,1,14.932316,0,0,"P10 E1 Q2","UG",NA,"P10E1","Control"
"779","Q24",2011,35,0.25,0,1,10.275971,0,0,"P10 E1 Q2","UG",NA,"P10E1","Control"
"780","Q24",2011,31,0.197176,0,1,0,1,0,"P10 E1 Q2","UG",NA,"P10E1","Control"
"781","Q24",2011,30,0.91369411250901,1,1,0,1,0,"P10 E1 Q2","UG",NA,"P10E1","Control"
"782","Q24",2011,34,0.25000000000001,0,1,14.248026,0,0,"P10 E1 Q2","UG",NA,"P10E1","Control"
"783","Q24",2011,32,0.197176,0,1,0,1,0,"P10 E1 Q2","UG",NA,"P10E1","Control"
"784","Q24",2011,28,0.679262386233,0,1,0,1,0,"P10 E1 Q2","UG",NA,"P10E1","Control"
"785","Q24",2011,29,0.69295871990799,0,1,0.0153770000000009,1,0,"P10 E1 Q2","UG",NA,"P10E1","Control"
"786","Q24",2011,27,0.306444652204,1,1,0.0219819999999942,1,0,"P10 E1 Q2","UG",NA,"P10E1","Control"
"787","Q24",2011,33,0.25,0,1,31.078877,0,0,"P10 E1 Q2","UG",NA,"P10E1","Control"
"788","Q24",2012,37,2.16734419105248,0,1,20.148343,0,0,"P10 E1 Q2","UG",NA,"P10E1","Control"
"789","Q24",2012,36,4.60350287918251,0,1,36.498104,0,0,"P10 E1 Q2","UG",NA,"P10E1","Control"
"790","Q24",2013,39,0.25,0,1,16.863477,0,0,"P10 E1 Q2","UG",NA,"P10E1","Control"
"791","Q24",2013,38,0.25,0,1,17.894658,0,0,"P10 E1 Q2","UG",NA,"P10E1","Control"
"792","Q24",2014,40,0.25,0,1,14.774707,0,0,"P10 E1 Q2","UG",NA,"P10E1","Control"
"793","Q24",2014,41,0.25,0,1,3.643568,1,0,"P10 E1 Q2","UG",NA,"P10E1","Control"
"794","Q24",2015,44,1.616056088911,0,1,17.044936,0,0,"P10 E1 Q2","UG",NA,"P10E1","Control"
"795","Q24",2015,43,1.4784970641715,0,1,2.65474300000001,1,0,"P10 E1 Q2","UG",NA,"P10E1","Control"
"796","Q24",2015,49,0.25,0,1,11.957461,0,0,"P10 E1 Q2","UG",NA,"P10E1","Control"
"797","Q24",2015,47,0.25,0,1,5.545795,0,0,"P10 E1 Q2","UG",NA,"P10E1","Control"
"798","Q24",2015,45,0.25,0,1,7.87343200000001,0,0,"P10 E1 Q2","UG",NA,"P10E1","Control"
"799","Q24",2015,48,0.25,0,1,5.22829400000001,0,0,"P10 E1 Q2","UG",NA,"P10E1","Control"
"800","Q24",2015,46,0.25,0,1,8.799475,0,0,"P10 E1 Q2","UG",NA,"P10E1","Control"
"801","Q24",2015,42,1.45679715184798,0,1,15.202632,0,0,"P10 E1 Q2","UG",NA,"P10E1","Control"
"802","Q28",2013,-Inf,3.82959523690651,0,1,2.475773,0,0,"X2","UG",NA,"E1","Drought"
"803","Q28",2014,-Inf,1.5,0,1,2.069698,0,0,"X2","UG",NA,"E1","Drought"
"804","Q28",2015,-Inf,0.25,0,1,1.027106,1,0,"X2","UG",NA,"E1","Drought"
"805","Q3",2009,1,0.25,0,1,7.950968,0,0,"E1 Q3","UG",NA,"E1","Control"
"806","Q3",2009,3,0.25,0,1,1.228884,1,0,"E1 Q3","UG",NA,"E1","Control"
"807","Q3",2009,2,0.25,0,1,0.506079,1,0,"E1 Q3","UG",NA,"E1","Control"
"808","Q3",2009,4,0.25,0,1,4.987468,0,0,"E1 Q3","UG",NA,"E1","Control"
"809","Q3",2013,6,0.25,0,1,32.07704,0,0,"E1 Q3","UG",NA,"E1","Control"
"810","Q3",2013,9,0.25,0,1,3.30802799999999,1,0,"E1 Q3","UG",NA,"E1","Control"
"811","Q3",2013,10,0.25,0,1,0.662188999999998,1,0,"E1 Q3","UG",NA,"E1","Control"
"812","Q3",2013,7,0.250000000000001,0,1,3.969487,1,0,"E1 Q3","UG",NA,"E1","Control"
"813","Q3",2013,8,0.25,0,1,4.763239,0,0,"E1 Q3","UG",NA,"E1","Control"
"814","Q3",2013,5,9.60813439847597,0,1,28.755158,0,0,"E1 Q3","UG",NA,"E1","Control"
"815","Q3",2015,11,0.249999999999999,0,1,13.28911,0,0,"E1 Q3","UG",NA,"E1","Control"
"816","Q31",2015,-Inf,0.625662388438996,0,1,18.220459,0,0,"X5","UG",NA,"E1","Drought"
"817","Q32",2011,28,0.25,0,1,4.829138,0,0,"X6","UG",NA,"E1","Irrigation"
"818","Q32",2011,27,1.175727408321,1,1,14.352803,0,0,"X6","UG",NA,"E1","Irrigation"
"819","Q32",2011,29,0.25,0,1,7.739561,0,0,"X6","UG",NA,"E1","Irrigation"
"820","Q32",2011,25,2.658425473743,1,1,0.237254,1,0,"X6","UG",NA,"E1","Irrigation"
"821","Q32",2011,31,0.25,0,1,10.031406,0,0,"X6","UG",NA,"E1","Irrigation"
"822","Q32",2011,26,4.68330872006949,1,1,5.343722,0,0,"X6","UG",NA,"E1","Irrigation"
"823","Q32",2011,30,0.25,0,1,4.669466,0,0,"X6","UG",NA,"E1","Irrigation"
"824","Q32",2012,32,0.25,1,1,17.165786,0,0,"X6","UG",NA,"E1","Irrigation"
"825","Q32",2012,33,0.25,0,1,9.049711,0,0,"X6","UG",NA,"E1","Irrigation"
"826","Q32",2014,35,0.25,0,1,7.662672,0,0,"X6","UG",NA,"E1","Irrigation"
"827","Q32",2014,39,0.25,0,1,5.94871000000001,0,0,"X6","UG",NA,"E1","Irrigation"
"828","Q32",2014,37,0.25,0,1,2.593335,1,0,"X6","UG",NA,"E1","Irrigation"
"829","Q32",2014,34,10.373441020223,0,1,9.046496,0,0,"X6","UG",NA,"E1","Irrigation"
"830","Q32",2014,36,0.25,0,1,15.274903,0,0,"X6","UG",NA,"E1","Irrigation"
"831","Q32",2014,38,0.25,0,1,6.40213899999999,0,0,"X6","UG",NA,"E1","Irrigation"
"832","Q32",2015,42,0.72848522586199,0,1,6.162658,0,0,"X6","UG",NA,"E1","Irrigation"
"833","Q32",2015,40,1.7154293580235,0,1,0,1,0,"X6","UG",NA,"E1","Irrigation"
"834","Q32",2015,41,3.3431589703015,0,1,5.237683,0,0,"X6","UG",NA,"E1","Irrigation"
"835","Q32",2015,43,0.25,0,1,35.552665,0,0,"X6","UG",NA,"E1","Irrigation"
"836","Q32",2015,44,0.25,0,1,11.21577,0,0,"X6","UG",NA,"E1","Irrigation"
"837","Q37",2014,-Inf,0.25,0,1,2.22795099999999,1,0,"X11","UG",NA,"E1","Drought"
"838","Q38",2011,4,0.25,0,1,26.821442,0,0,"X12","UG",NA,"E1","Irrigation"
"839","Q38",2011,3,0.25,0,1,23.874574,0,1,"X12","UG",NA,"E1","Irrigation"
"840","Q38",2012,5,2.9489432632035,0,1,35.427244,0,0,"X12","UG",NA,"E1","Irrigation"
"841","Q38",2012,6,0.25,0,1,18.142151,0,0,"X12","UG",NA,"E1","Irrigation"
"842","Q38",2012,8,0.25,0,1,2.928579,1,0,"X12","UG",NA,"E1","Irrigation"
"843","Q38",2012,7,0.25,0,1,15.36402,0,0,"X12","UG",NA,"E1","Irrigation"
"844","Q38",2013,9,0.25,0,1,3.552912,1,0,"X12","UG",NA,"E1","Irrigation"
"845","Q38",2013,10,0.25,0,1,6.251667,0,0,"X12","UG",NA,"E1","Irrigation"
"846","Q38",2013,11,0.25,0,1,6.939585,0,0,"X12","UG",NA,"E1","Irrigation"
"847","Q38",2014,12,0.25,0,1,33.479669,0,0,"X12","UG",NA,"E1","Irrigation"
"848","Q38",2015,14,0.25,0,1,2.217668,1,0,"X12","UG",NA,"E1","Irrigation"
"849","Q38",2015,16,0.25,0,1,13.685065,0,0,"X12","UG",NA,"E1","Irrigation"
"850","Q38",2015,15,0.25,0,1,39.400962,0,0,"X12","UG",NA,"E1","Irrigation"
"851","Q38",2015,13,9.788049499699,0,1,32.560346,0,0,"X12","UG",NA,"E1","Irrigation"
"852","Q39",2011,4,0.25,0,1,5.70096100000001,0,0,"X13","UG",NA,"E1","Drought"
"853","Q39",2011,3,0.25,0,1,6.417767,0,0,"X13","UG",NA,"E1","Drought"
"854","Q39",2015,7,0.25,0,1,21.177335,0,0,"X13","UG",NA,"E1","Drought"
"855","Q39",2015,6,0.139557499999995,0,1,0,1,0,"X13","UG",NA,"E1","Drought"
"856","Q39",2015,5,0.3528226753645,0,1,5.449527,0,0,"X13","UG",NA,"E1","Drought"
"857","Q4",2007,6,0.25,0,1,17.803369,0,0,"E1 Q4","UG",NA,"E1","Control"
"858","Q4",2007,5,7.3904843273965,1,1,0.0819890000000072,1,0,"E1 Q4","UG",NA,"E1","Control"
"859","Q4",2007,7,0.25,0,1,2.661451,1,0,"E1 Q4","UG",NA,"E1","Control"
"860","Q4",2008,8,0.25,0,1,16.50181,0,0,"E1 Q4","UG",NA,"E1","Control"
"861","Q4",2009,9,1.736853934425,0,1,40.584257,0,0,"E1 Q4","UG",NA,"E1","Control"
"862","Q4",2009,10,0.25,0,1,16.464385,0,0,"E1 Q4","UG",NA,"E1","Control"
"863","Q4",2010,12,0.25,0,1,13.659199,0,0,"E1 Q4","UG",NA,"E1","Control"
"864","Q4",2010,11,0.8600065217735,0,1,12.237809,0,0,"E1 Q4","UG",NA,"E1","Control"
"865","Q4",2011,13,1.70308069082601,0,1,14.999897,0,0,"E1 Q4","UG",NA,"E1","Control"
"866","Q4",2011,14,1.160271889072,1,1,25.524312,0,0,"E1 Q4","UG",NA,"E1","Control"
"867","Q4",2013,17,0.25,0,1,7.553955,0,0,"E1 Q4","UG",NA,"E1","Control"
"868","Q4",2013,16,0.25,0,1,8.268332,0,0,"E1 Q4","UG",NA,"E1","Control"
"869","Q4",2013,15,0.25,0,1,10.649586,0,0,"E1 Q4","UG",NA,"E1","Control"
"870","Q4",2013,18,0.25,0,1,9.062083,0,0,"E1 Q4","UG",NA,"E1","Control"
"871","Q4",2014,19,4.14094773235901,1,1,1.15755,1,0,"E1 Q4","UG",NA,"E1","Control"
"872","Q4",2015,25,0.25,0,1,22.459879,0,0,"E1 Q4","UG",NA,"E1","Control"
"873","Q4",2015,23,0.25,0,1,35.755218,0,0,"E1 Q4","UG",NA,"E1","Control"
"874","Q4",2015,22,1.9216281496985,0,1,32.69792,0,0,"E1 Q4","UG",NA,"E1","Control"
"875","Q4",2015,26,0.25,0,1,19.814041,0,0,"E1 Q4","UG",NA,"E1","Control"
"876","Q4",2015,21,5.45707936284951,0,1,24.99027,0,0,"E1 Q4","UG",NA,"E1","Control"
"877","Q4",2015,24,0.25,0,1,18.398775,0,0,"E1 Q4","UG",NA,"E1","Control"
"878","Q4",2015,20,0.9325258607725,0,1,24.379573,0,0,"E1 Q4","UG",NA,"E1","Control"
"879","Q41",2011,13,0.25,0,1,5.729652,0,0,"X15","UG",NA,"E1","Drought"
"880","Q41",2011,15,0.25,0,1,20.208557,0,0,"X15","UG",NA,"E1","Drought"
"881","Q41",2011,14,0.25,0,1,41.18389,0,0,"X15","UG",NA,"E1","Drought"
"882","Q41",2011,12,1.624325758405,0,1,34.885439,0,0,"X15","UG",NA,"E1","Drought"
"883","Q41",2013,16,0.25,0,1,14.322999,0,0,"X15","UG",NA,"E1","Drought"
"884","Q41",2013,17,0.25,0,1,38.532422,0,0,"X15","UG",NA,"E1","Drought"
"885","Q41",2014,18,0.25,0,1,13.514928,0,0,"X15","UG",NA,"E1","Drought"
"886","Q41",2014,19,0.25,0,1,14.374825,0,0,"X15","UG",NA,"E1","Drought"
"887","Q41",2014,20,0.25,0,1,15.102431,0,0,"X15","UG",NA,"E1","Drought"
"888","Q41",2015,21,2.041071818367,0,1,12.643736,0,0,"X15","UG",NA,"E1","Drought"
"889","Q41",2015,22,0.25,0,1,26.597181,0,0,"X15","UG",NA,"E1","Drought"
"890","Q41",2015,23,0.25,0,1,25.944399,0,0,"X15","UG",NA,"E1","Drought"
"891","Q42",2011,9,2.474361732937,0,1,15.812941,0,0,"X16","UG",NA,"E1","Irrigation"
"892","Q42",2011,10,0.25000000000001,0,1,0.564342999999994,1,0,"X16","UG",NA,"E1","Irrigation"
"893","Q42",2012,12,0.25,0,1,11.705836,0,0,"X16","UG",NA,"E1","Irrigation"
"894","Q42",2012,11,0.25,0,1,12.818268,0,0,"X16","UG",NA,"E1","Irrigation"
"895","Q42",2013,14,0.25,1,1,18.657223,0,0,"X16","UG",NA,"E1","Irrigation"
"896","Q42",2013,15,0.25,0,1,32.538732,0,0,"X16","UG",NA,"E1","Irrigation"
"897","Q42",2013,13,0.25,0,1,20.470573,0,0,"X16","UG",NA,"E1","Irrigation"
"898","Q42",2013,17,0.25,0,1,13.883212,0,0,"X16","UG",NA,"E1","Irrigation"
"899","Q42",2013,16,0.25,0,1,13.257919,0,0,"X16","UG",NA,"E1","Irrigation"
"900","Q42",2014,22,0.25,0,1,20.851258,0,0,"X16","UG",NA,"E1","Irrigation"
"901","Q42",2014,21,0.25,0,1,17.147084,0,0,"X16","UG",NA,"E1","Irrigation"
"902","Q42",2014,19,0.25,0,1,2.15754700000001,1,0,"X16","UG",NA,"E1","Irrigation"
"903","Q42",2014,18,7.574849215793,1,1,10.623737,0,0,"X16","UG",NA,"E1","Irrigation"
"904","Q42",2014,20,0.25,0,1,16.815493,0,0,"X16","UG",NA,"E1","Irrigation"
"905","Q42",2015,34,0.25,0,1,2.128208,1,0,"X16","UG",NA,"E1","Irrigation"
"906","Q42",2015,32,0.25,0,1,18.138178,0,0,"X16","UG",NA,"E1","Irrigation"
"907","Q42",2015,33,0.25,0,1,6.211586,0,0,"X16","UG",NA,"E1","Irrigation"
"908","Q42",2015,28,0.25,0,1,12.487809,0,0,"X16","UG",NA,"E1","Irrigation"
"909","Q42",2015,29,0.25,0,1,12.227562,0,0,"X16","UG",NA,"E1","Irrigation"
"910","Q42",2015,30,0.25,0,1,43.342436,0,0,"X16","UG",NA,"E1","Irrigation"
"911","Q42",2015,31,0.25,0,1,26.136548,0,0,"X16","UG",NA,"E1","Irrigation"
"912","Q42",2015,26,0.25,0,1,14.5103,0,0,"X16","UG",NA,"E1","Irrigation"
"913","Q42",2015,27,0.25,0,1,1.442756,1,0,"X16","UG",NA,"E1","Irrigation"
"914","Q42",2015,23,2.6040366559225,0,1,1.96858399999999,1,0,"X16","UG",NA,"E1","Irrigation"
"915","Q42",2015,25,1.26035638467751,0,1,7.887032,0,0,"X16","UG",NA,"E1","Irrigation"
"916","Q42",2015,24,5.98048391416249,0,1,0,1,0,"X16","UG",NA,"E1","Irrigation"
"917","Q45",2012,3,0.25,0,1,34.510788,0,0,"X19","UG",NA,"E1","Irrigation"
"918","Q45",2012,2,0.25,0,1,36.901649,0,0,"X19","UG",NA,"E1","Irrigation"
"919","Q46",2011,5,0.25,0,1,1.590795,1,0,"X20","UG",NA,"E1","Drought"
"920","Q46",2011,4,0.25,0,1,2.847568,1,0,"X20","UG",NA,"E1","Drought"
"921","Q46",2011,3,0.25,0,1,30.575608,0,0,"X20","UG",NA,"E1","Drought"
"922","Q46",2011,2,0.25,0,1,29.964419,0,0,"X20","UG",NA,"E1","Drought"
"923","Q46",2011,1,5.605736128894,1,1,0,1,0,"X20","UG",NA,"E1","Drought"
"924","Q46",2012,6,0.25,0,1,30.333057,0,0,"X20","UG",NA,"E1","Drought"
"925","Q46",2014,12,0.25,0,1,2.902047,1,0,"X20","UG",NA,"E1","Drought"
"926","Q46",2014,8,0.25,0,1,7.479348,0,0,"X20","UG",NA,"E1","Drought"
"927","Q46",2014,13,0.25,0,1,3.801632,1,0,"X20","UG",NA,"E1","Drought"
"928","Q46",2014,11,0.25,0,1,3.087256,1,0,"X20","UG",NA,"E1","Drought"
"929","Q46",2014,7,0.25,0,1,9.745907,0,0,"X20","UG",NA,"E1","Drought"
"930","Q46",2014,9,0.25,0,1,5.442053,0,0,"X20","UG",NA,"E1","Drought"
"931","Q46",2014,10,0.25,0,1,5.256844,0,0,"X20","UG",NA,"E1","Drought"
"932","Q46",2014,16,0.249999999999998,0,1,11.121743,0,0,"X20","UG",NA,"E1","Drought"
"933","Q46",2014,15,0.25,0,1,8.766946,0,0,"X20","UG",NA,"E1","Drought"
"934","Q46",2014,14,0.249999999999998,0,1,8.211321,0,0,"X20","UG",NA,"E1","Drought"
"935","Q46",2015,17,9.31061607356399,0,1,27.084483,0,0,"X20","UG",NA,"E1","Drought"
"936","Q46",2015,18,0.25,0,1,20.379496,0,0,"X20","UG",NA,"E1","Drought"
"937","Q48",2011,21,0.25,0,1,33.936944,0,0,"X22","UG",NA,"E1","No_grass"
"938","Q48",2011,22,0.25,0,1,26.396304,0,0,"X22","UG",NA,"E1","No_grass"
"939","Q48",2011,17,0.25,0,1,3.99447499999999,1,0,"X22","UG",NA,"E1","No_grass"
"940","Q48",2011,18,0.25,0,1,19.022838,0,0,"X22","UG",NA,"E1","No_grass"
"941","Q48",2011,19,0.25,0,1,43.205803,0,0,"X22","UG",NA,"E1","No_grass"
"942","Q48",2011,15,2.683102770985,0,1,21.654092,0,0,"X22","UG",NA,"E1","No_grass"
"943","Q48",2011,16,23.42485780859,1,1,7.754933,0,0,"X22","UG",NA,"E1","No_grass"
"944","Q48",2011,20,0.25,0,1,26.298894,0,0,"X22","UG",NA,"E1","No_grass"
"945","Q48",2011,14,0.4170672101985,0,1,0,1,0,"X22","UG",NA,"E1","No_grass"
"946","Q48",2011,23,0.25,0,1,15.847832,0,1,"X22","UG",NA,"E1","No_grass"
"947","Q48",2011,12,3.1978119340425,0,1,5.320762,0,0,"X22","UG",NA,"E1","No_grass"
"948","Q48",2011,13,1.9724672562135,0,1,5.66472,0,0,"X22","UG",NA,"E1","No_grass"
"949","Q48",2011,25,0.25,0,1,4.17125900000001,1,0,"X22","UG",NA,"E1","No_grass"
"950","Q48",2011,24,0.25,0,1,12.381783,0,1,"X22","UG",NA,"E1","No_grass"
"951","Q48",2015,30,0.250000000000004,0,1,44.136778,0,0,"X22","UG",NA,"E1","No_grass"
"952","Q48",2015,28,0.25,0,1,8.44548,0,0,"X22","UG",NA,"E1","No_grass"
"953","Q48",2015,27,0.25,0,1,41.673502,0,0,"X22","UG",NA,"E1","No_grass"
"954","Q48",2015,32,0.25,0,1,4.12920199999999,1,0,"X22","UG",NA,"E1","No_grass"
"955","Q48",2015,29,0.25,0,1,45.214043,0,0,"X22","UG",NA,"E1","No_grass"
"956","Q48",2015,26,0.436828803127002,0,1,2.47578,1,0,"X22","UG",NA,"E1","No_grass"
"957","Q48",2015,31,0.25,0,1,6.65226799999999,0,0,"X22","UG",NA,"E1","No_grass"
"958","Q49",2015,8,9.89169862044249,0,1,3.15704599999999,0,0,"X23","UG",NA,"E1","No_grass"
"959","Q50",2011,1,0.25,0,1,5.056511,0,0,"X24","UG",NA,"E1","No_shrub"
"960","Q51",2011,16,0.627216472115506,0,1,35.712954,0,0,"X25","UG",NA,"E1","No_grass"
"961","Q51",2011,18,0.25,0,1,19.145983,0,0,"X25","UG",NA,"E1","No_grass"
"962","Q51",2011,15,6.25885159842151,0,1,37.99499,0,0,"X25","UG",NA,"E1","No_grass"
"963","Q51",2011,17,0.25,0,1,0.987448999999998,1,0,"X25","UG",NA,"E1","No_grass"
"964","Q51",2011,29,0.25,0,1,16.060138,0,0,"X25","UG",NA,"E1","No_grass"
"965","Q51",2011,24,0.25,0,1,25.717448,0,0,"X25","UG",NA,"E1","No_grass"
"966","Q51",2011,28,0.25,0,1,19.720215,0,0,"X25","UG",NA,"E1","No_grass"
"967","Q51",2011,27,0.25,0,1,21.92508,0,0,"X25","UG",NA,"E1","No_grass"
"968","Q51",2011,23,0.25,0,1,17.347552,0,0,"X25","UG",NA,"E1","No_grass"
"969","Q51",2011,20,0.25,0,1,8.836771,0,0,"X25","UG",NA,"E1","No_grass"
"970","Q51",2011,26,0.25,0,1,23.741662,0,0,"X25","UG",NA,"E1","No_grass"
"971","Q51",2011,19,0.25,0,1,20.513,0,0,"X25","UG",NA,"E1","No_grass"
"972","Q51",2011,22,0.25,0,1,19.199638,0,0,"X25","UG",NA,"E1","No_grass"
"973","Q51",2011,25,0.25,0,1,24.747308,0,0,"X25","UG",NA,"E1","No_grass"
"974","Q51",2011,21,0.25,0,1,15.89234,0,0,"X25","UG",NA,"E1","No_grass"
"975","Q51",2012,30,0.25,0,1,1.211664,1,0,"X25","UG",NA,"E1","No_grass"
"976","Q52",2011,14,0.6628564660845,0,1,4.78205800000001,0,0,"X26","UG",NA,"E1","No_shrub"
"977","Q52",2011,15,1.9206143175545,0,1,16.565841,0,0,"X26","UG",NA,"E1","No_shrub"
"978","Q52",2011,16,0.25,0,1,7.936387,0,0,"X26","UG",NA,"E1","No_shrub"
"979","Q52",2011,17,0.25,0,1,11.295484,0,0,"X26","UG",NA,"E1","No_shrub"
"980","Q52",2011,18,0.25,0,1,9.344177,0,0,"X26","UG",NA,"E1","No_shrub"
"981","Q52",2012,22,0.25,0,1,16.203029,0,0,"X26","UG",NA,"E1","No_shrub"
"982","Q52",2012,23,0.25,0,1,32.492886,0,0,"X26","UG",NA,"E1","No_shrub"
"983","Q52",2012,25,0.25,0,1,26.566207,0,0,"X26","UG",NA,"E1","No_shrub"
"984","Q52",2012,26,0.25,0,1,4.085088,1,0,"X26","UG",NA,"E1","No_shrub"
"985","Q52",2012,19,0.2204960032065,1,1,0,1,0,"X26","UG",NA,"E1","No_shrub"
"986","Q52",2012,20,0.25,0,1,9.10765599999999,0,0,"X26","UG",NA,"E1","No_shrub"
"987","Q52",2012,24,0.25,0,1,32.395562,0,0,"X26","UG",NA,"E1","No_shrub"
"988","Q52",2012,21,0.25,0,1,5.831342,0,0,"X26","UG",NA,"E1","No_shrub"
"989","Q52",2013,29,0.25,0,1,32.64254,0,0,"X26","UG",NA,"E1","No_shrub"
"990","Q52",2013,27,0.25,0,1,34.650414,0,0,"X26","UG",NA,"E1","No_shrub"
"991","Q52",2013,37,0.25,0,1,13.878063,0,0,"X26","UG",NA,"E1","No_shrub"
"992","Q52",2013,35,0.25,0,1,5.07888,0,0,"X26","UG",NA,"E1","No_shrub"
"993","Q52",2013,36,0.25,0,1,25.976423,0,0,"X26","UG",NA,"E1","No_shrub"
"994","Q52",2013,30,0.25,0,1,28.796703,0,0,"X26","UG",NA,"E1","No_shrub"
"995","Q52",2013,28,0.25,0,1,29.762996,0,0,"X26","UG",NA,"E1","No_shrub"
"996","Q52",2013,34,0.25,0,1,22.229735,0,0,"X26","UG",NA,"E1","No_shrub"
"997","Q52",2013,32,0.25,0,1,25.03399,0,0,"X26","UG",NA,"E1","No_shrub"
"998","Q52",2013,31,0.25,0,1,35.845571,0,0,"X26","UG",NA,"E1","No_shrub"
"999","Q52",2013,33,0.25,0,1,24.713504,0,0,"X26","UG",NA,"E1","No_shrub"
"1000","Q52",2014,38,5.93499301158851,1,1,4.608499,0,0,"X26","UG",NA,"E1","No_shrub"
"1001","Q52",2015,56,0.25,0,1,41.232418,0,0,"X26","UG",NA,"E1","No_shrub"
"1002","Q52",2015,53,0.25,0,1,14.776677,0,0,"X26","UG",NA,"E1","No_shrub"
"1003","Q52",2015,64,0.25,0,1,14.334161,0,0,"X26","UG",NA,"E1","No_shrub"
"1004","Q52",2015,65,0.25,0,1,8.50008700000001,0,0,"X26","UG",NA,"E1","No_shrub"
"1005","Q52",2015,39,3.1586088243885,0,1,5.78322,0,0,"X26","UG",NA,"E1","No_shrub"
"1006","Q52",2015,68,0.25,0,1,4.195291,1,0,"X26","UG",NA,"E1","No_shrub"
"1007","Q52",2015,66,0.25,0,1,9.058342,0,0,"X26","UG",NA,"E1","No_shrub"
"1008","Q52",2015,55,0.25,0,1,42.714088,0,0,"X26","UG",NA,"E1","No_shrub"
"1009","Q52",2015,58,0.25,0,1,32.903318,0,0,"X26","UG",NA,"E1","No_shrub"
"1010","Q52",2015,59,0.25,0,1,28.352475,0,0,"X26","UG",NA,"E1","No_shrub"
"1011","Q52",2015,57,0.25,0,1,39.803665,0,0,"X26","UG",NA,"E1","No_shrub"
"1012","Q52",2015,54,0.25,0,1,41.708669,0,0,"X26","UG",NA,"E1","No_shrub"
"1013","Q52",2015,63,0.25,0,1,8.998166,0,0,"X26","UG",NA,"E1","No_shrub"
"1014","Q52",2015,50,0.25,0,1,10.712669,0,0,"X26","UG",NA,"E1","No_shrub"
"1015","Q52",2015,51,0.25,0,1,11.866255,0,0,"X26","UG",NA,"E1","No_shrub"
"1016","Q52",2015,52,0.25,0,1,13.453758,0,0,"X26","UG",NA,"E1","No_shrub"
"1017","Q52",2015,67,0.25,0,1,8.42863299999999,0,0,"X26","UG",NA,"E1","No_shrub"
"1018","Q52",2015,71,0.25,0,1,31.360116,0,0,"X26","UG",NA,"E1","No_shrub"
"1019","Q52",2015,40,0.125783894294,0,1,0,1,0,"X26","UG",NA,"E1","No_shrub"
"1020","Q52",2015,69,0.25,0,1,23.62633,0,0,"X26","UG",NA,"E1","No_shrub"
"1021","Q52",2015,70,0.25,0,1,26.74842,0,0,"X26","UG",NA,"E1","No_shrub"
"1022","Q52",2015,62,0.25,0,1,0.862212,1,0,"X26","UG",NA,"E1","No_shrub"
"1023","Q52",2015,72,0.25,0,1,28.820111,0,0,"X26","UG",NA,"E1","No_shrub"
"1024","Q52",2015,60,0.25,0,1,19.951938,0,0,"X26","UG",NA,"E1","No_shrub"
"1025","Q52",2015,61,0.24999999999999,0,1,18.576102,0,0,"X26","UG",NA,"E1","No_shrub"
"1026","Q52",2015,41,0.428428189689,0,1,1.728846,1,0,"X26","UG",NA,"E1","No_shrub"
"1027","Q52",2015,48,0.25,0,1,17.062682,0,0,"X26","UG",NA,"E1","No_shrub"
"1028","Q52",2015,49,0.25,0,1,14.946011,0,0,"X26","UG",NA,"E1","No_shrub"
"1029","Q52",2015,77,0.25,0,1,32.618177,0,0,"X26","UG",NA,"E1","No_shrub"
"1030","Q52",2015,46,0.25,0,1,12.511839,0,0,"X26","UG",NA,"E1","No_shrub"
"1031","Q52",2015,43,0.2810250162645,0,1,17.392702,0,0,"X26","UG",NA,"E1","No_shrub"
"1032","Q52",2015,44,0.230359818168,0,1,31.111374,0,0,"X26","UG",NA,"E1","No_shrub"
"1033","Q52",2015,45,0.25,0,1,11.083087,0,0,"X26","UG",NA,"E1","No_shrub"
"1034","Q52",2015,47,0.25,0,1,19.39102,0,0,"X26","UG",NA,"E1","No_shrub"
"1035","Q52",2015,75,0.25,0,1,9.652298,0,0,"X26","UG",NA,"E1","No_shrub"
"1036","Q52",2015,76,0.25,0,1,30.501506,0,0,"X26","UG",NA,"E1","No_shrub"
"1037","Q52",2015,73,0.25,0,1,28.396777,0,0,"X26","UG",NA,"E1","No_shrub"
"1038","Q52",2015,42,0.4579615684015,0,1,6.822084,0,0,"X26","UG",NA,"E1","No_shrub"
"1039","Q52",2015,74,0.25,0,1,1.645974,1,0,"X26","UG",NA,"E1","No_shrub"
"1040","Q53",2011,2,0.25,0,1,11.592812,0,0,"X27","UG",NA,"E1","No_shrub"
"1041","Q53",2015,5,1.34868251100699,0,1,21.485581,0,0,"X27","UG",NA,"E1","No_shrub"
"1042","Q53",2015,4,1.937904046364,0,1,26.950761,0,0,"X27","UG",NA,"E1","No_shrub"
"1043","Q54",2011,12,2.367304088805,0,1,6.124234,0,0,"X28","UG",NA,"E1","No_shrub"
"1044","Q54",2011,15,0.25,0,1,23.014948,0,0,"X28","UG",NA,"E1","No_shrub"
"1045","Q54",2011,13,0.25,0,1,0.268363,1,0,"X28","UG",NA,"E1","No_shrub"
"1046","Q54",2011,14,0.25,0,1,28.380399,0,0,"X28","UG",NA,"E1","No_shrub"
"1047","Q54",2012,16,1.475930547777,1,1,21.342301,0,0,"X28","UG",NA,"E1","No_shrub"
"1048","Q54",2012,17,0.25,0,1,7.71971,0,0,"X28","UG",NA,"E1","No_shrub"
"1049","Q54",2013,24,0.25,0,1,30.03906,0,0,"X28","UG",NA,"E1","No_shrub"
"1050","Q54",2013,18,5.042520288085,1,1,28.899994,0,0,"X28","UG",NA,"E1","No_shrub"
"1051","Q54",2013,25,0.25,0,1,34.312719,0,0,"X28","UG",NA,"E1","No_shrub"
"1052","Q54",2013,19,0.25,0,1,27.788982,0,0,"X28","UG",NA,"E1","No_shrub"
"1053","Q54",2013,22,0.25,0,1,27.298872,0,0,"X28","UG",NA,"E1","No_shrub"
"1054","Q54",2013,23,0.25,0,1,23.594698,0,0,"X28","UG",NA,"E1","No_shrub"
"1055","Q54",2013,20,0.25000000000001,0,1,29.707215,0,0,"X28","UG",NA,"E1","No_shrub"
"1056","Q54",2013,21,0.25,0,1,34.800454,0,0,"X28","UG",NA,"E1","No_shrub"
"1057","Q54",2015,26,6.39281932002047,0,1,20.550494,0,0,"X28","UG",NA,"E1","No_shrub"
"1058","Q58",2011,23,0.25,0,1,8.37308399999999,0,0,"X32","UG",NA,"E1","No_grass"
"1059","Q58",2011,17,1.069029140311,0,1,15.643534,0,0,"X32","UG",NA,"E1","No_grass"
"1060","Q58",2011,24,0.25,0,1,10.489755,0,0,"X32","UG",NA,"E1","No_grass"
"1061","Q58",2011,25,0.25,0,1,13.37438,0,0,"X32","UG",NA,"E1","No_grass"
"1062","Q58",2011,26,0.25,0,1,6.407005,0,0,"X32","UG",NA,"E1","No_grass"
"1063","Q58",2011,21,0.25,0,1,25.951091,0,0,"X32","UG",NA,"E1","No_grass"
"1064","Q58",2011,22,0.25,0,1,4.49252100000001,1,0,"X32","UG",NA,"E1","No_grass"
"1065","Q58",2011,18,1.39425976187099,0,1,23.360563,0,0,"X32","UG",NA,"E1","No_grass"
"1066","Q58",2011,16,2.57461458986351,0,1,16.260897,0,0,"X32","UG",NA,"E1","No_grass"
"1067","Q58",2011,20,0.25,0,1,8.690743,0,0,"X32","UG",NA,"E1","No_grass"
"1068","Q58",2011,19,2.43752186752501,0,1,7.309143,0,0,"X32","UG",NA,"E1","No_grass"
"1069","Q58",2012,27,0.25,0,1,6.84084,0,0,"X32","UG",NA,"E1","No_grass"
"1070","Q58",2013,28,0.250000000000001,0,1,10.261101,0,0,"X32","UG",NA,"E1","No_grass"
"1071","Q6",2008,1,0.25,0,1,9.622499,0,0,"E1 Q6","UG",NA,"E1","Control"
"1072","Q60",2011,6,0.780442432610496,0,1,10.767729,0,0,"X34","UG",NA,"E1","No_grass"
"1073","Q60",2011,8,0.25,0,1,3.142454,1,0,"X34","UG",NA,"E1","No_grass"
"1074","Q60",2011,7,0.249999999999997,0,1,8.996372,0,0,"X34","UG",NA,"E1","No_grass"
"1075","Q60",2012,9,0.991965214725496,0,1,4.206789,0,0,"X34","UG",NA,"E1","No_grass"
"1076","Q60",2015,10,0.25,0,1,7.572064,0,0,"X34","UG",NA,"E1","No_grass"
"1077","Q60",2015,11,0.25,0,1,17.705625,0,0,"X34","UG",NA,"E1","No_grass"
"1078","Q60",2015,13,0.250000000000004,0,1,34.673389,0,0,"X34","UG",NA,"E1","No_grass"
"1079","Q60",2015,14,0.25,0,1,21.714898,0,0,"X34","UG",NA,"E1","No_grass"
"1080","Q60",2015,12,0.25,0,1,7.821192,0,0,"X34","UG",NA,"E1","No_grass"
"1081","Q61",2015,-Inf,2.0048333995525,0,1,1.297015,1,0,"X35","UG",NA,"E1","No_shrub"
"1082","Q62",2011,19,0.25,0,1,10.485564,0,0,"X36","UG",NA,"E1","No_grass"
"1083","Q62",2011,20,0.25,0,1,10.970634,0,0,"X36","UG",NA,"E1","No_grass"
"1084","Q62",2011,21,0.25,1,1,11.808484,0,0,"X36","UG",NA,"E1","No_grass"
"1085","Q62",2011,22,0.25,0,1,12.602235,0,0,"X36","UG",NA,"E1","No_grass"
"1086","Q62",2011,23,0.25,0,1,23.229687,0,0,"X36","UG",NA,"E1","No_grass"
"1087","Q62",2011,24,0.25,0,1,23.847049,0,0,"X36","UG",NA,"E1","No_grass"
"1088","Q62",2011,25,0.25,1,1,29.271018,0,0,"X36","UG",NA,"E1","No_grass"
"1089","Q62",2011,26,0.25,0,1,30.990813,0,0,"X36","UG",NA,"E1","No_grass"
"1090","Q62",2011,27,0.25,0,1,28.579415,0,0,"X36","UG",NA,"E1","No_grass"
"1091","Q62",2011,28,0.25,1,1,34.179774,0,0,"X36","UG",NA,"E1","No_grass"
"1092","Q62",2011,29,0.25,0,1,26.19816,0,0,"X36","UG",NA,"E1","No_grass"
"1093","Q62",2011,30,0.25,0,1,10.63181,0,0,"X36","UG",NA,"E1","No_grass"
"1094","Q62",2011,31,0.25000000000001,0,1,28.138442,0,0,"X36","UG",NA,"E1","No_grass"
"1095","Q62",2011,32,0.25,0,1,20.730094,0,0,"X36","UG",NA,"E1","No_grass"
"1096","Q62",2011,33,0.25,0,1,18.591031,0,0,"X36","UG",NA,"E1","No_grass"
"1097","Q62",2011,34,0.25,0,1,3.377459,1,0,"X36","UG",NA,"E1","No_grass"
"1098","Q62",2012,35,1.7291141986875,0,1,14.367352,0,0,"X36","UG",NA,"E1","No_grass"
"1099","Q62",2012,36,0.249999999999993,0,1,18.941711,0,0,"X36","UG",NA,"E1","No_grass"
"1100","Q62",2012,37,0.250000000000007,0,1,19.752988,0,0,"X36","UG",NA,"E1","No_grass"
"1101","Q62",2012,38,0.25,0,1,27.108419,0,0,"X36","UG",NA,"E1","No_grass"
"1102","Q62",2012,39,0.250000000000004,0,1,18.204805,0,0,"X36","UG",NA,"E1","No_grass"
"1103","Q62",2012,40,0.25,0,1,24.360676,0,0,"X36","UG",NA,"E1","No_grass"
"1104","Q62",2012,41,0.250000000000007,0,1,2.66087,1,0,"X36","UG",NA,"E1","No_grass"
"1105","Q62",2013,42,0.250000000000001,0,1,8.999778,0,0,"X36","UG",NA,"E1","No_grass"
"1106","Q62",2013,43,0.249999999999999,0,1,13.603538,0,0,"X36","UG",NA,"E1","No_grass"
"1107","Q62",2013,44,0.25,0,1,12.809786,0,0,"X36","UG",NA,"E1","No_grass"
"1108","Q62",2013,45,0.25,0,1,13.809417,0,0,"X36","UG",NA,"E1","No_grass"
"1109","Q62",2014,46,0.25,0,1,21.854599,0,0,"X36","UG",NA,"E1","No_grass"
"1110","Q62",2014,47,0.25,0,1,20.981472,0,0,"X36","UG",NA,"E1","No_grass"
"1111","Q62",2015,48,0.25,0,1,42.063285,0,0,"X36","UG",NA,"E1","No_grass"
"1112","Q62",2015,49,0.25,0,1,4.699859,0,0,"X36","UG",NA,"E1","No_grass"
"1113","Q62",2015,50,0.25,0,1,13.978962,0,0,"X36","UG",NA,"E1","No_grass"
"1114","Q62",2015,51,0.25,0,1,7.470199,0,0,"X36","UG",NA,"E1","No_grass"
"1115","Q62",2015,52,0.249999999999998,0,1,7.390824,0,0,"X36","UG",NA,"E1","No_grass"
"1116","Q62",2015,53,0.25,0,1,16.598343,0,0,"X36","UG",NA,"E1","No_grass"
"1117","Q62",2015,54,0.25,0,1,19.138347,0,0,"X36","UG",NA,"E1","No_grass"
